sample_id,label,text
Sample_1,Human,"Un momento saliente della mia vita è stato quando ho partecipato al mio primo concerto live di un artista che adoro. L'evento si è svolto a Soverato, sul mare. Entrare nel luogo in cui si è svolto, circondato dall'energia e dall'entusiasmo della folla, è stato emozionante. La musica riecheggiava nell'aria mentre mi facevo strada attraverso il labirinto di corridoi fino al mio posto. Quando l'artista è salito sul palco, l'intero luogo è esploso in un turbine di emozioni. Il suono avvolgente della musica e le luci sfavillanti hanno creato un'atmosfera magica. In quel momento, mi sentivo completamente immerso nell'esperienza, come se il mondo esterno non esistesse più. Ogni canzone interpretata è stata un'esplosione di gioia e adrenalina. La condivisione di quel momento con migliaia di persone unite dalla stessa passione è stata un'esperienza unica e indimenticabile. Quel concerto ha lasciato un'impronta indelebile nella mia memoria, un ricordo che porterò con me per sempre."
Sample_2,Human,"Ricordo bene quel 20 settembre del 2021. Ricevetti la prima chiamata per insegnare come supplente in una scuola in provincia di Padova. L'entusiasmo era tanto, ma allo stesso tempo la paura compensava. Decisi in una giornata di partire lasciando temporaneamente la mia terra calabra. Il viaggio fu lungo e decisi di sostare una notte in provincia di Frosinone. L'indomani parti per arrivare alla metà. Ricordo l'accoglienza dei colleghi e del personale ATA. In segreteria vi erano dipendenti di origini meridionali e mi fecero sentire a casa. È stata la mia prima scelta di vita che ha dato un nuovo imprinting alla mia vita. Sono cresciuto molto dal punto di vista umano e professionale. Ricordo il primo giorno quando sono entrato in classe. Da lì ho scoperto quale sarebbe stata la mia strada, ossia l'insegnamento! Ci sono stati altine bassi. La nostalgia dei propri cari era tanta. In particolare i miei nipotini. Quando sono rientrato a casa mi sono sentito leggero ed orgoglioso del percorso portato a termine. Ad oggi a volte mi manca Padova. La gentilezza delle persone ed anche il fatto che faceva notte più tardi. Penso che ripartiro' con un altro approccio e con più sicurezza."
Sample_3,Human,"Un evento saliente della mia vita è stata la discussione della mia tesi di triennale, avvenuta nella mia cucina, a Madrid in Spagna in un giorno d'aprile dello scorso anno. Ho dovuto discuterla da casa per via delle disposizioni del rettore riguardanti la diffusione del COVID-19. Mi trovavo seduta al tavolo della cucina, con le finestre alla mia destra. Avevo davanti a me il PC con le slide pronte per essere condivise con la commissione. Erano le 4 del pomeriggio ed entrava una bella luce dalla finestra più vicina a me che aggiungeva felicità al momento,inoltre il clima primaverile di Aprile mi aveva fatto decidere di tenere l'anta aperta per fare entrare il venticello tiepido. Alla mia sinistra, seduto su una sedia del tavolo, il mio ragazzo non riusciva a contenere la gioia e ballava silenziosamente per mostrare la sua contentezza. La cucina era molto piccola e fungeva anche da soggiorno, dietro di me infatti si trovava il divano che fronteggiava la televisione che, in onore della laurea, avevo liberato da tutte le cianfrusaglie che avevo lasciato lì. Per quanto non sia stata una laurea canonica sono felice sia avvenuta in quella casa. È stato il mio piccolo rifugio per parecchio tempo e mi sono affezionata a quelle pareti, alla luminosità della casa, alla posizione che aveva nella città di Madrid (ottima, perché era in centro e comoda per tutti i servizi)."
Sample_4,Human,"Nella mia vita purtroppo, in un passato abbastanza remoto, quando ero ragazzino, ho sofferto tantissimo a tal punto che ancora oggi purtroppo certe cicatrici sono rimaste dentro di me. Parlo esattamente di quando andavo in una scuola di Settimo Torinese (poi cambiata col tempo) dove tanto bullismo mi ha reso una persona che oggi, a 37 anni, sta sempre sulla difensiva e adotta comportamenti un po' aggressivi. Solitamente la gente mi conosce come una persona nobile e generosa, sempre disponibile e molto sociale. Purtroppo poi, con l'evento del Coronavirus, tante sicurezze che con gli anni erano ritornate a fatica, hanno fatto una notevole marcia indietro, portandomi psicologicamente ad eventi passati dove ho spesso sentito dentro di me una sorta di mania di vendetta (anche dopo vent'anni da un evento negativo). Perché questo? Perché sento che viviamo in un mondo tutt'altro che facile dove comunque tanti determinati luoghi, mi ricordano un vissuto negativo. Tanti punti di Torino, per quanto belli siano, a volte possono ricordarmi un vissuto negativo."
Sample_5,Human,"Oggi sono a casa. Ho acceso il televisore. Dopo un giro di canali, decido di guardare un documentario. In quel momento ho pensato che mi hanno sempre appassionato i documentari ed i programmi sui viaggi. È bello vedere luoghi lontani e densi di cultura. Il termine viaggio contiene moltitudini. Ad esso vengono ascritti diversi significati. Il viaggio è scoperta, meraviglia, momento di apprendimento. Dopo aver fatto questa riflessione, rimango affascinato da quanto viene mostrato nel programma televisivo. Le immagini sono incorniciate da una descrizione chiara e puntuale. In un attimo vengo proiettato in un pittoresco documentario, insieme di suoni e colori, dove ad elementi architettonici si intersecano paesaggi verdi e raggianti. Rifletto sul fatto che quella architettura sembra incastonata nel paesaggio circostante, quasi a costituire un tutt'uno. Il presentatore del programma televisivo procede nella descrizione. Ad un certo punto vi è una pausa pubblicitaria. Riprende il programma. Ora, sono descritti e mostrati altri luoghi. Penso che non saprei scegliere tra uno dei due luoghi descritti e che sarebbero da tenere in considerazione come possibili destinazioni per due bei viaggi. Penso che sia bello poter accendere il televisore e vedere luoghi fino ad ora sconosciuti. Penso, inoltre, che quel programma sia ben realizzato e sia bello accendere il televisore e trovare programmi dove si parla di cultura, di paesaggi e, più in generale, di entrambe le cose. Il programma prosegue e decido di guardarlo fino al termine. Rifletto, infine, sul fatto che le cose belle a volte sono le più semplici."
Sample_6,Human,"Era la prima volta dopo tanto tempo che tornavo nella mia città. È incredibile quanto velocemente scorra il tempo e quanto poco spesso ci si soffermi davvero a pensare a come le cose cambino incessantemente e impercettibilmente. Il mondo cambia e noi siamo talmente assorti nei nostri pensieri e impegnati nelle nostre faccende quotidiane da non renderci conto che la Terra continua a girare e giorno dopo giorno, anno dopo anno piano piano le cose cambiano. Percorro quella via che tante volte ho percorso, di cui ricordo ogni metro, ogni negozio, ogni bar, ogni vicolo. Quella strada che a prima vista mi sembra sempre la stessa ad uno sguardo più attento ora mi pare diversa. La stessa via dei miei ricordi, piena di allegria, chiacchere, risate, ora è diversa. In quel negozio dove avevamo comprato il mio maglione preferito ora c'è un ottico. Là dove ci fermavamo a comprare il gelato, ora il bar non c'è più. In un primo momento la situazione mi rattrista e mentre nostalgicamente mi interrogo sul motivo per cui le cose debbano necessariamente cambiare e il tempo non possa cristallizzarsi in un istante di felicità, all'improvviso ecco una figura amica avvicinarsi facendo un cenno di saluto con la mano. Mi sorride ed esclama: ""Finalmente sei tornata! Che bello rivederti, mi sei mancata. Non sai quante cose devo raccontarti."" In quel momento mi rendo conto che in realtà nulla è davvero cambiato, o almeno nulla di importante. L'amicizia, quella vera, non cambia mai."
Sample_7,Human,"Un evento sicuramente saliente nella mia vita è stato il mio soggiorno linguistico a Dublino nel 2021. Avevo sognato questa cosa da anni, volevo andarmene dal mio paese che criticavo sempre e avevo bisogno di cambiare aria e persone intorno a me, ero ancora piccola e un po’ ingenua ma purtroppo con il covid questa cosa è stata rimandata di 10 volte e mi stavo quasi per arrendere. L’evento per me è molto importante perchè sono riuscita a pagarmelo da sola, lavorando duro per 1 anno e mettendo da parte tutti i soldi per riuscire ad andare li e pagarmi la scuola e la casa. Dublino non è la città più bella del mondo, il mio occhio estetico ne ha viste di migliori, ma ha tutto il mio cuore e ogni volta che ci ritorno mi innamoro sempre di più. Dublino è stata la mia rinascita, la mia indipendenza, un luogo che in 2 mesi mi ha dato tantissimo, a volte penso che fosse l’esperienza del soggiorno linguistico a darmi tanto ma poi mi chiedo perchè ho scelto proprio Dublino? Forse ero giá legata a questa città senza saperlo, perchè alla fine la vita mi ha portata lì. Dublino mi ha accolta subito, le persone sono state sempre molto gentili e ospitali, mi sembrava di vivere nel futuro per certi aspetti perchè vedevo delle cose che non c’erano nel mio paese, Dublino mi ricordava anche un po’ Londra e la vera Irlanda messe insieme(ho visitato anche altre zone dell’Irlanda). Amo l’Irlanda, mi piace tutta, ha dei paesaggi bellissimi e sempre molto verdi, l’erba lì è diversa è davvero verde smeraldo e il mare è spesso grigio e molto mosso, il cielo anche è spesso grigio e questo la spegne un po’, ma mi sono abituata e mi piace lo stesso. Dublino con le sue strade, i suoi parchi, i suoi pub, i suoi bus a 2 piani gialli, il suo fiume e i suoi vecchi monumenti hanno catturato il mio cuore e mi ricordano sempre dei momenti davvero felici, tanto che la considero una seconda casa adesso."
Sample_8,Human,"Un'estate ero in viaggio verso il mare del Sud Italia, mi si era rotta la macchina su una strada secondaria e faceva molto caldo. Aspettavamo il carroattrezzi che ci venisse a prendere per portare la macchina in officina...caldo, sete, disperazione...dopo un' ora di attesa passa una famiglia in macchina si ferma, la donna ci guarda e scende; non ci ha chiesto nulla ma offerto una bottiglia di acqua e una frutta...ricordo ancora con piacere il sapere dell'arancia e il gusto dell'acqua."
Sample_9,Human,"Sono cresciuta in periferia. La periferia povera di una grande città. Quando tornavo a casa da scuola, il bus mi lasciava sul ciglio di una strada a quattro corsie che attraversavo di corsa. Gli unici odori che sentivo erano quelli degli scarichi delle auto che sfrecciavano veloci. Non c'era un semaforo: attraversare quella strada mi incuteva paura. Poi vennero gli anni del liceo, che frequentai in centro. Un mondo del tutto nuovo si apriva al mio sguardo: le grandi piazze, i viali alberati, i caffè eleganti che emanavano profumo di croissant appena sfornati. E il fiume. Il fiume Po che tracciava un confine: il confine tra l'eleganza del centro e la magia. Mi spiego meglio. Pensiamo a una Torino assonnata, in una mattina d'autunno. La Mole perde la sua guglia nella nebbia e piazza Vittorio a stento lascia intravvedere i suoi portici. Eppure basta attraversare la piazza, percorrere il marciapiede del ponte sul fiume e la nebbia comincia a diradarsi. La città avvolta di soffice bianco è alle spalle e, di fronte, si staglia la chiesa della Gran Madre. Vivida, grande. Ti giri, che sei ancora sul ponte, e la nebbia ti impedisce lo sguardo. La città è scomparsa, sia quella elegante del centro che quella fetida della periferia. Non ci sono più le dimore dei ricchi o i casermoni di chi tira a campare: la nebbia nasconde tutto. Ma lì, di fronte alla Gran Madre cominci a camminare: puoi scegliere, se piegare un poco a destra e salire sino al Convento del Monte dei Cappuccini o continuare ad andare avanti e raggiungere la villa della Regina. Da ragazza mi fermavo in un piccolo bar pasticceria dove gustavo un caffè,. lasciando che i miei occhi si riempissero di quella magia. Poi mi voltavo di corsa, con i libri sottobraccio, riattraversavo il ponte  correndo a scuola. Grata di aver potuto dimenticare la periferia."
Sample_10,Human,"Mi ricordo una volta di essere andato al mare con i miei genitori in una città della centro Italia. Ricordo nitidamente il nostro appartamento. Si trovava in una via abbastanza larga, ma incredibilmente corta. C’erano giusto un paio di negozi. Il nostro appartamento era al primo piano di un condominio all’inizio della via. Proprio davanti alla pineta locale. Si entrava direttamente dalla strada e il cancelletto, di colore verde e perlopiù arrugginito, portava su un piccolo giardino pieno di ghiaia. La casa era relativamente nuova, ma presentava già tutti i segni del tempo. La ringhiera delle scale, così come le porte e l’arredamento interno, erano rimaste evidentemente agli anni Settanta. I miei nonni avevano affittato la casa al terzo piano invece. L’appartamento era pressoché uguale al nostro: l’unico elemento che lo rendeva diverso erano le stampe appese ai muri altrimenti spogli. Proprio nel giardinetto, quello pieno di ghiaia, ho festeggiato il mio decimo compleanno. Ricordo nitidamente la presenza dei miei genitori, dei miei nonni, del mio fratellino e anche di mio cugino (che ha la mia età e in quei giorni si trovava lì con noi). Avevamo messo un tavolo bianco da giardino (di quelli in plastica che fanno tanto anni Novanta) e i miei nonni ci avevano prestato le loro sedie da spiaggia. Mia nonna aveva preparato un dolce fatto con i Pavesini (i biscotti, proprio loro). Era una giornata relativamente coperta e non eravamo perciò andati al mare. Ricordo nitidamente l’odore del mare che veniva dalla pineta (il mare di fatto era a cento metri da quel condominio), ma anche il rumore che mio fratello faceva correndo sulla ghiaia, con mio cugino che provava a contenerlo."
Sample_11,Human,"Tra gli eventi più importanti che ricordo della mia vita, vi è senza dubbio il conseguimento del diploma in Pianoforte presso il Conservatorio di Bologna. Un traguardo che ho trovato estremamente significativo e che ho atteso per tanto tempo, come chiunque attende il conseguimento di un qualunque diploma di laurea. Era il 2020: il mondo aveva già conosciuto il Covid e le restrizioni che esso aveva comportato. Anche il mio diploma, a causa del Covid, è stato particolare. La prova d’esame si è svolta nella Sala Bossi del Conservatorio di Bologna, un luogo sempre gremito di persone, sempre occupato da concerti, saggi, prove, convegni, conferenze, spettacoli. Anche gli esami, di solito, erano pubblici, soprattutto quelli finali. D’altronde, questi consistevano, generalmente, nell’esecuzione di un recital di 40/50 minuti, dunque erano dei veri e propri concerti, ai quali tutti potevano assistere. Ma non quell’anno. Dopo essere salito sul palco, mi sono diretto verso il pianoforte e, prima di sedermi, mi sono girato verso sala. Solo allora mi sono accorto di quanto fosse stretta e lunga. Le pareti ornate da quadri ritraenti i volti dei grandi compositori del passato, che mi guardavano come fossero lì ad ascoltarmi. Una sala spaventosamente bella. Ma vuota, salvo i sette membri della commissione. Attorno a loro, il vuoto assoluto che è stato riempito con la mia immaginazione, con i volti delle persone che io avrei voluto vedere presenti, e il silenzio assoluto che è stato rotto dalle note del mio Chopin, che hanno iniziato a rimbalzare tra le pareti di quella sala e a dar loro vita."
Sample_12,Human,"Ero all’Università Federico II di Napoli per un convegno. Grande era l’attesa per un risultato di concorso. Compulsavo freneticamente il cellulare, distraendomi non poco dai lavori congressuali. Per tutto il giorno fu un’attesa vana. A cena raggiunsi in pizzeria tutti i colleghi e magicamente la buona notizia non soltanto giunse ma si propagò fulmineamente. Fu un’esperienza molto importante."
Sample_13,Human,"Tra il marzo e l'aprile del 1999 in qualità di Ufficiale dell'Esercito, sono stato coinvolto nell'Operazione Arcobaleno. In quell’anno prestavo servizio come sottotenente presso la Brigata Briscese di Bari e ho subito offerto la mia disponibilità per essere inviato in missione. In particolare mi sono occupato, assieme ad un paio di soldati di origine pugliese, di trasferire centinaia di profughi provenienti dal Kosovo, dalla base militare di Sigonella alla ex base NATO di Comiso, in provincia di Ragusa. Qui i profughi hanno potuto trovare una degna accoglienza, assistenza, ristoro e perfino momenti di divertimento. Il coinvolgimento di vari apparati dello Stato Italiano e di molti enti del terzo settore è stato fondamentale. Abbiamo vissuto insieme, giorno e notte, condividendo i vari momenti di socialità e le esigenze di un popolo in fuga. A partire dal giugno del 1999 la tensione geopolitica tra Serbia e Kosovo è diminuita grazie all’intervento della missione di pace NATO denominata KFOR (Kosovo Force). Negli anni successivi gli “ospiti” sono stati così accompagnati nuovamente nel loro Paese. Il Kosovo, nel 2008, ha dichiarato la sua indipendenza (unilaterale) dalla Serbia. Tale indipendenza viene oggi riconosciuta da oltre 100 paesi dell'ONU. Si è trattato di un evento saliente della mia vita che ricorderò per sempre."
Sample_14,Human,"Ricordo che era estate e faceva abbastanza caldo, il cielo era limpido. Venezia era un pullulare di turisti che come formiche si accumulavano nei stretti calli per poi diramarsi nelle piazze. Io e mio marito avevamo scattato alcune foto e approfittato delle lunghe code per fermarci in qualche bar. Arrivati finalmente in un angolo di piazza San Marco mio marito si inginocchiò e mi chiese di sposarlo. Ricordo l'imbarazzo, l'aria salmastra e l'acqua increspata scandita da un continuo vociferare. "
Sample_15,Human,"L'episodio più saliente della mia vita è senza dubbio la mia nascita, perché tutti gli altri la presuppongono. Sono nato dunque a Trieste, in un edificio dalle apparenze ottoventesche circondato da un bel giardino alberato, il cui nome è ""Sanatirio Triestino"", in sostanza una clinica, e che si trova per caso in una via della parte alta della città dove ho trascorso gli ultimi anni dei miei studi medio-superiori e ho ottenuto la maturità, un altro episodio della mia vita che non posso non considerare saliente. In questo secondo edificio, di aspetto invece  di edilizia moderna secondo i dettami dello stile internazionale in voga nei primi anni Sessanta del secolo scorso, ho trascorso alcuni anni e ho anche incontrato il mio primo amore, terzo episodio saliente di questa località. Ho percorso dunque quotidianamente questa via per alcuni anni, il che la rende certamente saliente nella mia meoria, anche se non episodica. Quanto all'episodio di partenza, per forza di cose non ne ho memoria diretta, ma mi hanno raccontato che la mia nascita è avvenuta verso l'alba e non senza sforzi. Era un giorno del tardo autunno e posso immaginare che tirasse vento, come spesso accade a Trieste e facesse piuttosto freddo - condizioni queste che si sono spesso ripetute nei miei andirivieni dal Liceo Francesco Petrarca, che è il luogo più preciso dove si sono svolte le altre esperienze che ho citato."
Sample_16,Human,"Alcuni anni fa, affrontai la malattia di un mio caro che mi segnò profondamente, prestando assistenza 24 ore su 24, ebbi modo di sperimentare un'esperienza dal sapore ambivalente, che contribuì a formarmi come persona e in un certo senso anche a dare un peso specifico più realistico ai vari eventi della vita affrontati da lì in poi, avendo quindi un effetto formativo su di me, è dunque ragionevole dire che spesso anche gli eventi più spiacevoli della vita possono essere utili a ristabilire un nuovo ordine di idee e di cose nello scenario complesso della nostra vita. Un evento, questo, che purtroppo non ha prodotto un lieto fine, ma che può donare una nuova consapevolezza per la personale visione del mondo."
Sample_17,Human,"Edimburgo, diciotto anni, l'arrivo nel mio primo appartamento all’estero. La casa era divisa su due piani, il pavimento ricoperto di moquette grigia, non troppo pulita. La sala era scarna, un piccolo tavolo basso, un grande divano di pelle, una finestra che dava sul quartiere, piuttosto grigio. Sempre in sala, il tavolo da pranzo era rotondo, con una tovaglia di plastica morbida che ricordo al tatto, ma non alla vista. Da una piccola porta si entrava in cucina, minuscola e senza finestre ma con spazio sufficiente per un bollitore nero e per le spezie di Claudia, la mia nuova coinquilina. Al piano superiore la mia camera era dotata di un letto ad una piazza e mezzo, che avrei diviso con Marta, ed un armadio molto disordinato. Nessuna finestra, i miei vestiti riposti in valigia per mesi. Davanti alla nostra stanza, la camera di Luca e Claudia, con un tempietto buddhista improvvisato, di legno. Tra le nostre stanze il bagno, con una grande vasca. Non ricordo quadri appesi, ma tanti a terra, in sala: Claudia dipingeva su tela ed il pavimento della sala ospitava i suoi quadri incompiuti, abbastanza da creare colore, abbastanza da creare disordine, abbastanza da ricordare con piacere. La chitarra elettrica di Luca, nera e lucida, era il quinto ospite fisso sul divano, di poche parole. L’odore di curry prevaleva su tutti gli altri. Sono abbastanza sicura che le pareti fossero bianche, ma le vedo in ricordo su un tono di grigio. Ovunque, tante risate."
Sample_18,Human,"Ci sono viaggi che portano lontano a livello emozionale, che possono includere uno spazio geografico che in un dato momento si accompagna a un cammino interiore che raggiunge un’idea giacente da tempo nella mente, e la cattura in un istante. Questo tipo di viaggio è quello sguardo che è stato presente molte volte davanti agli occhi, e che in un momento particolare diventa coscienza di ciò che è presente all’esperienza visibile. Sono questi i viaggi che ci cambiano, che trasformano le nostre idee e il nostro percorso di vita. Un viaggio, spesso, può essere quella risposta alla direzione che si vuol dare alla propria vita. Non a caso si usa l’espressione “trovarsi a un bivio, a un incrocio”. Un viaggio intrapreso in un posto geografico dell’America Latina, ebbe il potere, o coincise chissà, portandomi negli occhi uno sguardo diverso, osservando gente semplice che ripeteva sempre: “gracias a Dios”. Ero sorpresa della gratitudine da parte di gente che avrebbe potuto rammaricarsi per la sua sorte e invece era grata per quei piccoli semplici traguardi raggiunti durante una faticosa giornata. L’espressione della gratitudine, portava inevitabilmente a un paragone con quel genere di episodi per cui normalmente si perde la pazienza: il traffico, la coda di gente alla cassa del supermercato, l'impazienza per attendere un bus, e altri piccoli contrattempi ai quali si dà spesso il potere di cambiarci l'umore della giornata. Ma per fortuna, si può avere quella capacità di raccogliere un grande insegnamento, anche se chi ce lo offre, non sa di essere un grande maestro.
""Il valore della gratitudine"" di Filomena D'Errico."
Sample_19,Human,"Un evento che ha segnato profondamente la mia vita si è svolto in un parco cittadino, un luogo che fino a quel momento avevo sempre considerato come semplice sfondo della quotidianità. Era una mattina di primavera, e il parco era avvolto da una luce morbida che filtrava tra i rami degli alberi. L'aria era fresca, e il profumo dei fiori appena sbocciati si mescolava al suono del vento tra le foglie. Il luogo, inizialmente associato a un semplice spazio di svago, è diventato il teatro di una riflessione che avrebbe cambiato il mio percorso.

Ero seduto su una panchina, osservando le persone che passavano indifferenti e ascoltando il rumore lontano della città. In quel silenzio apparentemente insignificante, ho avuto una rivelazione: mi sono reso conto di quanto fosse fondamentale interrompere la routine per fermarsi a riflettere sul proprio cammino. Il parco, con la sua calma e la sua apertura, mi ha permesso di liberarmi dai pensieri congestionati e di prendere una decisione che avevo procrastinato per troppo tempo.

Il luogo, con la sua semplicità, ha offerto il contesto ideale per quella consapevolezza. In quel momento, ho compreso quanto lo spazio fisico possa influenzare la percezione mentale e l’elaborazione di scelte vitali. Il parco è diventato, quindi, non solo uno spazio fisico, ma anche uno spazio di trasformazione interiore."
Sample_20,Human,"Certamente, ecco il tuo testo revisionato:

Mi ritrovo qui a descrivere un evento molto particolare e doloroso della mia vita. Prima di scrivere, ho pensato a tanti momenti che hanno sconvolto la mia esistenza, sia in bene che in male, come la nascita dei miei figli o un lutto da elaborare. Non ho scelto nessuna di queste esperienze, perché il momento che mi ha segnato per sempre è stata la maledetta scoperta che mio marito aveva una leucemia con un infiltrato altissimo.

Era una normale giornata rovente di luglio. Mio marito stava effettuando degli esami di routine perché mi ero preoccupata vedendo dei lividi inspiegabili sul suo corpo. Quella si rivelò la giornata che mi avrebbe cambiato la vita per sempre.

Ero a lavoro, immersa nella solita routine. Gestisco un asilo nido e una scuola dell’infanzia, e mi trovavo tra i dolci sorrisi dei bambini e il da farsi per il progetto estivo. A un certo punto, ricevetti una telefonata dal laboratorio: chiedevano di ripetere gli esami urgentemente per confermare i risultati.

Purtroppo, era tutto vero. Si trattava di leucemia. Sentii il buio calarmi addosso, ma allo stesso tempo sapevo che dovevo trovare la forza di sorridere, di stare accanto al mio compagno di una vita e di raccontare la più triste delle notizie ai nostri figli, rassicurandoli che sarebbe andato tutto bene.

La vita ti cambia. Cambia il modo di vedere le cose, di affrontare il mondo. Diventi forte, diventi dura. Devi essere la forza di tutta la famiglia."
Sample_21,Human,"Uno dei momenti salienti della mia vita è stato, senza alcun dubbio, il giorno in cui ho convolato a nozze con mia moglie. Un giorno speciale, cominciato con il rito religioso in Chiesa e poi proseguito al ristorante, con il pranzo nuziale con amici e parenti. "
Samplle_22,Human,"Nel Settembre del 2020, in piena pandemia, fui convocata per il mio primo colloquio di lavoro presso il Connvitto Principe di Piemonte di Anagni. Ricordo ancora alla perfezione il luogo in cui si svolse il colloquio e le sensazioni provate in quel momento. Ero emozionata e allo stesso tempo spaesata poiché si trattava della mia prima esperienza lavorativa. Il colloquio si tenne in un ampio salone con divani neri in pelle e abbellito con quadri e fotografie antiche. Si tratta infatti di una struttura storica (1936) e assai suggestiva. All'interno la struttura ospita una biblioteca di grande prestigio ed è circondata da campi da calcio e da basket. Ciò che colpisce é la maestosità della struttura. Nel complesso del Convitto é compresa anche la chiesa  di San Pietro in Vineis la cui struttura é in stile romanico. Questo luogo mi ha da sempre trasmesso un senso di entusiasmo, gratitudine e prestigio per il fatto di  prestare servizio in una struttura simile e all'avanguardia da anni."
Sample_23,Human,"C'è un prima e un dopo. Diventare padre, del resto, significa anche questo. Almeno per me. Dedicarsi a crescere una nuova creatura, educarla, proteggerla, amarla. Così la nascita di mia figlia può essere considerato un evento spartiacque per la mia vita. Ospedale di Careggi, Firenze. Il primo viaggio con la mia compagna, il ritorno a casa, le contrazioni, la corsa in sala parto. Le urla, il dolore. E poi la gioia del primo sguardo, della prima carezza, dei primi baci. Un turbinio di emozioni, la fine della grande attesa, l'inizio di un nuovo percorso. Una nuova vita. Il cuore gonfio per quel piccolo essere che iniziava a respirare, la preoccupazione di non farle mancare niente. Di farla star bene: questa la priorità, davanti a tutto e a tutti. Una notte indimenticabile, fatta di decisioni, lacrime, sorrisi, stanchezza, euforia. 
Cornice di tutto il pronto soccorso di maternità di Careggi, azienda ospedaliera universitaria. Una grande 'cittadella' fatta di viali, palazzine, strutture che intrecciano sanità e formazione, aree verdi. Il via vai di altre persone in attesa, le indicazioni dei professionisti, la curiosità dei tirocinanti nei reparti. Tutti attori e comparse in una notte magica, come quando una vita nuova illumina il mondo. Le precauzioni igieniche visto il periodo di pandemia Covid, i reparti freddi ma accoglienti, che odoravano di qualcosa di nuovo che stava per arrivare. Poi la nascita, ecco la mia bambina. I primi attimi insieme, in un lettino a fianco della sala parto. Dopo qualche ora le ho lasciate lì, mamma e figlia, in reparto. Fuori pioveva, ma erano gocce di gioia. "
Sample_24,Human,"Era un giorno qualunque di inizio estate e io mi trovavo al parco con alcuni amici , approfitando di una pausa dallo studio .
Ero al terzo anno di università , studiavo filosofia con risultati soddisfacenti  e le mie giornate erano scandite da un susseguirsi di lezioni, esami e pomeriggi di studio in biblioteca.
Quel giorno ricevetti una telefonata da mia madre , mi annunciava che il nonno era stato ricoverato in ospedale per un malore improvviso.
Ricordo di essermi precipitata in ospedale e appena arrivai lì , i medici non  mi permisero di entrare nella sua camera ,potei solo guardarlo al di qua del vetro divisorio. Era  disteso supino , immobile come fosse già   morto, nel letto della terapia intensiva , collegato ai macchinari salvavita , e allora capii che la situazione era grave.
Quel luogo grigio e asettico mi trasmetteva una senzazione di disagio e di claustrofobia ,tanto che  alcuni brividi di  freddo mi avvolsero da capo a piedi ;  se solo avessi potuto , avrei gridato a gran voce  tutta la rabbia che tenevo dentro ma ebbi paura di squarciare il silenzio funereo di quel luogo e trattenni in petto la mia frustrazione. 
Dopo pochi giorni, mio nonno Luciano ci lasciò, vennero degli infermieri a disfare il letto e quando vidi con quale precisione chirurgica sistemassero la stanza , pensai che presto sarebbe arrivato qualcun altro a occupare quel posto. Quel luogo, che per noi era stato esiziale,sarebbe stato foriero di buone notizie per qualcun altro?Probabilmente non  avrei mai voluto saperlo."
Sample_25,Human,"Un evento importante della mia vita che ricordo con molto piacere è la prima volta in cui ho assistito ad una partita di calcio dal vivo. Correva l'anno 2009, ero ancora un bimbo, ma con una grande voglia di assistere ad una partita in un grande stadio, visto la passione che scaturiva in me verso questo sport: il calcio. Ricordo ancora il mix di emozioni da me provate tra felicità, ansia ed adrenalina per la grande emozione che un bimbo può avere visto il grande evento, ovvero una grande partita in uno stadio che è uno tra i primi cinque per la sua grandezza. In quanto tifoso del Milan, ho comprato insieme ai miei genitori il biglietto per la partita Milan-Fiorentina; è stata una partita emozionante con la vittoria della mia squadra preferita grazie ai gol di Kakà e Pato; infatti, la partita Milan-Fiorentina è terminata con un 2-0. La partita è avvenuta all'interno dello stadio di Firenze ""Artemio Franchi"", situato nel quartiere di Campo Marte, sede degli incontri calcistici dell'ACF Fiorentina. Ricordo ancora questo momento come se fosse accaduto da poco custodendo dentro di me i ricordi di una splendida partita e inoltre qualche giorno di vacanza nella splendida città di Firenze, capoluogo della Toscana, che ospita molti capolavori dell'arte e dell'architettura rinascimentale."
Samplle_26,Human,"Ci siamo sposati da poco, il luogo e il momento  più significativo è stato l'aeroporto di Malpensa,  dopo mesi di organizzazione e festeggiamenti, convivialità, parenti, finalmente ci siamo trovati da soli. Paradossalmente,  il posto più importante  a livello semiotico e semantico, è un ""non luogo"", dove tutto era appena finito ma nello stesso tempo doveva cominciare: l'avventura del viaggio di nozze e della vita a due. L'aeroporto è sempre stato un momento importante, sin da piccola  mi ricongiungeva alla mia famiglia, in Svezia, ma era sempre un momento di passaggio o di arrivo; in questa occasione invece ha segnato uno ""stacco""una pausa da quello che era e da quello che sarebbe diventato, per la prima volta finalmente da soli a progettare il futuro."
Sample_27,Human,"Un evento significativo della mia vita consiste nel mio diciottesimo compleanno, importante non solo per la data ma anche per il contesto in cui è stato celebrato. Il mio compleanno cade durante i mesi estivi e quell’anno mi trovavo in vacanza presso l’abitazione dei nonni paterni situata sul litorale laziale. Data la rilevanza dell’occorrenza mi era stata data liberà nella scelta del luogo dove festeggiare e senza alcun dubbio avevo optato per il locale più vicino alla spiaggia con la vista del mare. 
Quel giorno siamo partiti tutti con largo anticipo rispetto alla prenotazione,  che era per l’ora di cena, in modo da poter godere delle ultime ore di luce sulla spiaggia. Con grande entusiasmo non ho resistito dal togliere le scarpe e scendere sulla spiaggia ancora calda per immortalare il momento, costringendo anche alcuni parenti a scendere per scattarmi delle foto. Ho insistito per cogliere ogni prospettiva del mio luogo preferito: la sabbia, le onde del mare, gli scogli dietro stanti, il sole ormai giunto al tramonto che si intravedeva oltre le nubi e si rifletteva sull’acqua del mare. 
Dopo numerose foto siamo risaliti sulla piattaforma dove si trovava il ristorante. L’ingresso era preceduto da un giardino, con aiuole di fiori molto curate e palme. Il nostro tavolo era situato di fronte a un’ampia vetrata che permetteva di osservare il paesaggio esterno, che diventava sempre più scuro dopo il tramonto. Il resto della serata è proseguito con un’ottima cena in compagnia di tutta la famiglia e alcuni amici."
Sample_28,Human,"Ho avuto il piacere di incontrare a Londra,vicino Victoria Station in un teatro sociale, circa dieci anni fa Patch Adams, medico psichiatra e padre della terapia del sorriso, che si è diffusa in tutto il mondo. È stato un incontro emozionante, arricchente sotto il profilo umano e professionale, ho imparato tanto ascoltando i suoi interventi e venendo a conoscenza dei progetti che realizza in diversi Paesi del mondo. L'insegnamento più importante è stato quello relativo all'educazione affettiva, unico antidoto alla violenza ed indifferenza, veri motori dell'odio,del razzismo e della violenza di genere. "
Sample_29,Human,"Uno degli eventi salienti della mia vita che ricordo con grande gioia,è stato la nascita di mia sorella più giovane di me di 20 anni.È stato uno dei momenti più felici nell’arco
dei miei 55 anni,accaduto a Reggio Calabria.Oggi la vita è diversa e molte cose sono cambiate;si sentono e si percepiscono tante cose tristi ed i momenti di dolore spesso superano gli altri.La vita resta bella in ogni caso,in qualsiasi forma vivente dell’Universo ,espressione divina magnifica..La natura così immensa ,così perfetta e meravigliosa mi riconduce aDio;idem la musica ed il tempo…"
Sample_30,Human,"Senza dubbio, un fine settimana in una delle ex repubbiche marinare: Pisa. È stato bellissimo affacciarsi sul lungarno pisano, a mio avviso, più bello di quello di Firenze con l’incantevole chiesetta gotica della spina sullo sfondo… poi è chiaro, Pisa non è solo torre. Pisa è la facciata della normale disegnata e decorata dal Vasari, è il capolavoro di scultura gotica nel duomo di Giovanni Pisano, è l'affresco del camposanto “il trionfo della morte” e altro ancora...senza esagerare, dopo Amalfi credo sia la mia repubblica marinara preferita. Cercavo un miracolo e mai avrei pensato che di ritorno, in treno, ascoltando la sinfonia numero 9 ""dal nuovo mondo"" di Antonin Dvorak, lo avrei trovato..."
Sample_31,Human,"Quando incontrai per la prima volta una delle mie migliori amiche eravamo a scuola, in classe. Dovevo sedermi vicino ad un’altra compagna ma una ragazza si mise al mio posto a tutti i costi e l’unico posto rimasto vuoto fu quello vicino alla mia attuale amica del cuore. E’ un amicizia che dura da 25 anni. La classe era composta da 30 alunni. Alcuni di noi già si conoscevano anche se di vista. I banchi erano disposti in fila. Io mi trovavo all’ultimo banco. C’era una grande lavagna dietro la cattedra. L’ambiente era luminoso perché due pareti della stanza erano composti da due finestroni. La classe era al piano terra e oltre il vetro si potevano vedere alberi di pino e piccoli scorci di qualche palazzo. Uscendo dalla porta laterale di fianco ai finestroni si accedeva ad un piccolo giardino e seguendo un piccolo vialetto si giungeva al campetto di pallavolo. La scuola era piccola perché era una sezione di un istituto la cui sede centrale era al centro della città. Furono bei tempi quelli fatti di sogni ad occhi aperti e di speranze verso il futuro…"
Sample_32,Human,"Durante gli anni universitari mi sono ritrovata a vivere un episodio importante per la mia carriera professionale e ricordo quel giorno con grande emozione. Inizio circa sei anni fa come operatrice outbound e inbound per un’azienda che ancora oggi opera nel settore delle telecomunicazioni, offrendo servizi e prodotti riguardo le forniture energetiche. Nella fase iniziale del mio incarico ho avuto modo di acquistare competenze tecnico-linguistiche adatte a potermi relazionare con i clienti in grado di trasmettere professionalità e chiarezza. Ogni momento lavorativo per me è stato oggetto di crescita interiore ma anche e soprattutto professionale ed ogni obiettivo prefissato da me stessa l’ho raggiunto con dedizione e sacrifici. Con il tempo ho consolidato rapporti lavorativi con i colleghi, collaborare con ognuno di loro mi ha spinto a fare sempre meglio e sempre di più, accettando anche i momenti più critici ed è stato proprio in quei momenti che ho dimostrato di accettare le responsabilità del lavoro per dimostrare le mie competenze. Dopo sei anni ho avuto una grande soddisfazione: il mio Area Manager ha deciso di premiarmi e mi ha offerto la possibilità di diventare Team Leader e guidare un gruppo di operatori. Ho sognato per tanto tempo un avanzamento di carriera,  ho provato un mix di emozioni: responsabilità, gioia, ma mi sentivo pronta ad affrontare nuove sfide ed è questa l’emozione che mi ha fatto sempre andare avanti, ancora oggi mi smuove lo spirito di essere una guida per i miei colleghi pronti ad accogliere ogni obiettivo e superarlo. Il lavoro da Team Leader mi ha fatto capire l’importanza di remare insieme, di essere da faro per ogni mio collega, l’importanza dell’ascolto verso ognuno di loro, motivare ogni risorsa a fare meglio.
Questo è un episodio che ricordo con grande orgoglio ed emozione, che mi ha segnato tanto non solo nella vita lavorativa ma anche emotivamente."
Sample_33,Human,"Durante gli anni universitari mi sono ritrovata a vivere un episodio importante per la mia carriera professionale e ricordo quel giorno con grande emozione. Inizio circa sei anni fa come operatrice outbound e inbound per un’azienda che ancora oggi opera nel settore delle telecomunicazioni, offrendo servizi e prodotti riguardo le forniture energetiche. Nella fase iniziale del mio incarico ho avuto modo di acquistare competenze tecnico-linguistiche adatte a potermi relazionare con i clienti in grado di trasmettere professionalità e chiarezza. Ogni momento lavorativo per me è stato oggetto di crescita interiore ma anche e soprattutto professionale ed ogni obiettivo prefissato da me stessa l’ho raggiunto con dedizione e sacrifici. Con il tempo ho consolidato rapporti lavorativi con i colleghi, collaborare con ognuno di loro mi ha spinto a fare sempre meglio e sempre di più, accettando anche i momenti più critici ed è stato proprio in quei momenti che ho dimostrato di accettare le responsabilità del lavoro per dimostrare le mie competenze. Dopo sei anni ho avuto una grande soddisfazione: il mio Area Manager ha deciso di premiarmi e mi ha offerto la possibilità di diventare Team Leader e guidare un gruppo di operatori. Ho sognato per tanto tempo un avanzamento di carriera,  ho provato un mix di emozioni: responsabilità, gioia, ma mi sentivo pronta ad affrontare nuove sfide ed è questa l’emozione che mi ha fatto sempre andare avanti, ancora oggi mi smuove lo spirito di essere una guida per i miei colleghi pronti ad accogliere ogni obiettivo e superarlo. Il lavoro da Team Leader mi ha fatto capire l’importanza di remare insieme, di essere da faro per ogni mio collega, l’importanza dell’ascolto verso ognuno di loro, motivare ogni risorsa a fare meglio.
Questo è un episodio che ricordo con grande orgoglio ed emozione, che mi ha segnato tanto non solo nella vita lavorativa ma anche emotivamente."
Sample_34,Human,"Credo ci sia una certa difficoltà nel richiamare a sé un evento saliente della propria vita, così che prima dei cinque minuti che verrebbero impiegati nella stesura di questo breve testo, se ne spendono venti ad interrogarsi sulla propria vita e cosa spicchi in essa. Dunque meglio essere banali: la laurea. Anzi, il momento in cui si esce dall’aula dopo la proclamazione. Nella mia memoria il tempo è lento, forse rallentato dall’opulenza dei crocefissi titanici che all’Università Cattolica piace appendere sulle pareti e dalle sagome dei professori gonfiate dalle doghe nere. Oltre la porta c’erano tutti in un bagno di luce, sulla mia destra grandi finestroni facevano entrare quel pallore che l’inquinamento milanese sa regalare nelle giornate autunnali. Poco più in là c'erano lo scalone d’onore, statue di santi e prelati. Se un laureando prima della discussione cerca l'agalma giusta, il laureato guarda le scale. Non perché voglia fuggire il prima possibile, anche se qualcuno potrebbe darmi torto, ma perché come altri luoghi liminali quelle scale rappresentano un prima e un dopo definitivo. Un confine agognato, ornato di felicità e incertezza. 
Ad ogni modo l’incoronazione, le foto, le domande dei laureandi che sarebbero entrati dopo di me, hanno sospeso il momento; lì, in quel posto che da vestibolo dell’aula diventava vestibolo dello scalone."
Sample_35,Human,"Il giorno del mio matrimonio  è stato senza dubbio uno degli eventi più significativi della mia vita. Lecce, con la sua eleganza barocca, i romantici vicoli del centro e le piazze suggestive, ha rappresentato lo sfondo perfetto per un giorno così speciale. La mattina del matrimonio, il cielo limpido e il sole caldo del Salento hanno reso l'atmosfera ancora più magica. La cerimonia si è svolta nello splendido Santuario di Sant'Antonio a Fulgenzio, un luogo che emana una spiritualità unica, dove ogni angolo racconta la storia di una città ricca di arte e cultura vibrante. La chiesa, caratterizzata da affreschi ricchi e luminosi, ha accolto le nostre promesse in un'atmosfera di grande intimità e emozione. Dopo la cerimonia, abbiamo accolto amici e parenti all'interno di una tenuta incantevole, incorniciata da ulivi secolari. Un unico tavolo circolare ricco di prelibatezze tipiche salentine, l'atmosfera creata da addobbi floreali e candele, l'allegria della musica e il calore di amici e parenti hanno creato un incastro perfetto per festeggiare l'inizio di una nuova vita insieme, rendendo quel giorno una delle esperienze più belle e memorabili della mia vita."
Sample_36,Human,"La nascita del mio primo figlio, avvenuto in un ospedale pubblico, a Napoli. Sebbene il contesto non fosse assolutamente accogliente, le emozioni del momento hanno cancellato tutte le difficoltà riscontrate e le 'bruttezze' del luogo, caratterizzato da lunghi corridoi con pareti grigie, mura sporche, bagni asettici, soffitti con neon sfarfallanti, letti azzurrini e crocefissi, schermi che proiettavano (chissà perché) soltanto canale 5 e le retrospettive del Grande Fratello, un odore di disinfettante e detersivo, attrezzi delle pulizie lasciati negli angoli e per concludere, caratterizzato dalla mancanza di rete internet. La freddezza degli spazi, l'inospitalità della struttura sono stati cancellati dall'evento in sé, che ha avuto un'eco e delle ripercussioni completamente inaspettate e inattese sulla mia vita: una rivoluzione ontologica! Inoltre, l'essermi potuta affacciare l'indomani su un golfo illuminato dal sole, mi ha cancellato molti di quei ricorsi un po' asettici. Il luogo in cui è avvenuta la nascita rimane per me uno spazio alieno, ma ogni volta che passo davanti a quell'ospedale, il fatto stesso di essere in quell'orbita gravitazionale, mi offre quel sentore emotivo che ha mischiato paura e gioia, attesa, risate e lacrime. "
Sample_37,Human,"Nei pressi del Passetto di Ancona, diventavo madre. Senza dubbio il giorno più bello della mia vita. Come il blu del mare fuori, l’immensa gioia dentro. Come il Monumento ai Caduti è simbolo della città, il nostro piccolo tesoro diventava il riferimento indiscutibile delle nostre attenzioni. Il calore del Sole che saluta la città all’alba e al tramonto per la sua posizione geografica, si riflette tra le pareti e le finestre dell’edificio non troppo nuovo, che sulla cima di una collinetta, sembra affacciarsi all’orizzonte come al suo interno si affacciano nuove vite. Lo onde del mare cullano i bambini tra le braccia dei loro genitori e quando è in tempesta, sembra riflettere il fermento di quando suona il campanello di una qualche stanza. Le grotte scavate nella roccia si affacciano sul mare con cancelli di legno colorati e sono nate come rifugio e appoggio dei pescatori, i “grottaroli”. Le culle nell’ospedale invece, accolgono i neonati in un momento di pausa, di calma e di ristoro, ma destano lo stesso stupore delle grotte che si può leggere nei volti di parenti e amici in visita. Il chiacchiericcio soffuso in spiaggia, nel rispetto della calma del mare, si ripete nelle stanze piene di luce calda e voci che non vogliono disturbare i vicini. Infine, così come la notte i barchini prendono il largo per iniziare la pesca, nei corridoi si muovono passi lenti e silenziosi che si assicurano che tutto vada bene. "
Sample_38,Human,"A marzo 2024 sono partita per Galway, una piccola città irlandese, io e il mio gruppo abbiamo alloggiato in un hotel per un mese, il The Connacht Hotel. Galway é una cittadina molto viva,e le persone erano sempre gentili e cordiali. É stata la mia prima esperienza lavorativa da Poppyseed (un bar/ristorante); i colleghi erano sempre carini e gentili con me, non si spazientivano mai e mi spiegavano sempre tutto molto tranquillamente. Abbiamo anche visitato le Cliff di Moher, una scogliera a strapiombo sul mare, ma soprattutto abbiamo visitato Dublino. Ci siamo stati ben due volte, una di queste era il giorno di San Patrizio. É stato bellissimo in quanto abbiamo anche visto la parata ed erano tutti vestiti di verde."
Sample_39,Human,"Quest’anno ho avuto la possibilità di stare un mese fuori dall’Italia. Sono partita con altri miei amici e siamo andati in Irlanda, precisamente a Galway. Galway è una cittadina sulla costa occidentale dell’Irlanda , ricca di pub e aeree verdi , vari negozi irlandesi e caffè accoglienti , situati soprattutto in centro, chiamato Eyre Square.Una bellissima opportunità nella quale ho avuto la mia prima esperienza lavorativa, che ha arricchito le mie conoscenze, migliorando il mio inglese.  È stata un’occasione importante perché ho avuto la possibilità di creare tanti rapporti d’amicizia. Nello stesso hotel in cui ho alloggiato , ho stretto amicizia in particolar modo con delle persone pugliesi, trascorrendo le mie serate insieme a loro; In particolare , una sera, siamo andati in un locale italiano , chiamato Freddy’s.  "
Sample_40,Human,"Durante il periodo natalizio, sono stato a Strasburgo. È una città incantevole, avvolta da un'atmosfera magica che sembra uscita da una fiaba. Le strade si illuminano di mille luci colorate e i mercatini di Natale offrono un'incredibile varietà di prodotti artigianali e prelibatezze locali. La mia ammirazione si è concentrata sulla maestosa Cattedrale di Notre-Dame, un capolavoro gotico che durante l'Immacolata sembra risplendere ancora di più, con la sua facciata imponente che si staglia nel cielo invernale. Lì, la bellezza e la serenità del luogo mi hanno profondamente colpito, mentre il suono delle campane e l'aria fresca di dicembre rendevano tutto ancora più magnifico. La città, con la sua storia e tradizione, mi ha fatto sentire parte di una dimensione unica, quasi sospesa nel tempo."
Sample_41,Human,"Il Capodanno del 2023 è stato un’esperienza indimenticabile per me, trascorso alla caserma dei pompieri di Catanzaro. L'atmosfera era carica di entusiasmo e calore, con le famiglie dei vigili del fuoco riunite per festeggiare insieme l'arrivo del nuovo anno. L'aria era festosa e carica di aspettativa, mentre tutti si preparavano per i festeggiamenti a pochi minuti dalla mezzanotte, la tensione era tanta. I bambini correvano felici, mentre papà e i suoi colleghi condividevano storie e risate. Quando finalmente l'orologio ha segnato la mezzanotte, il cielo si è illuminato di fuochi d'artificio e le sirene dei pompieri con a capo mio papà autista del camion hanno iniziato a suonare in un’epica sinfonia di festa. Questo potente suono, simbolo di speranza e protezione, ha risuonato nel cuore di tutti noi, unendo le famiglie in un momento di gioia collettiva.
Uno dei momenti più emozionanti è stato quando la scala allungata è stata sollevata in cielo. I vigili del fuoco, con grande orgoglio, hanno sventolato la bandiera italiana, creando un’immagine simbolica. I colori del tricolore si muovevano maestosi contro il cielo notturno, rappresentando non solo l’unità della nazione, ma anche il legame speciale tra i pompieri e la comunità. Quella notte è stata molto più di una semplice celebrazione; è stata una manifestazione di solidarietà, coraggio e amore per il paese. In quel momento, ho capito quanto sia importante la comunità e il ruolo fondamentale che i vigili del fuoco svolgono per la sicurezza di tutti noi."
Sample_42,Human,"Nel 2019 sono stato per la prima volta a Firenze e sono stato colpito dalla maestosità del duomo di Firenze. Mentre passeggio per le strade acciottolate, all'improvviso mi trovo di fronte al Duomo, che si erge imponente e maestoso. Rimango incantato dalla sua architettura gotica, dalle cupole e dai dettagli scolpiti. È un momento di pura meraviglia, come se il tempo si fosse fermato. Entro all'interno, ammirando gli affreschi e le opere d'arte che adornano le navate. Questa visione mi ha davvero lasciato senza parole, regalandomi un'esperienza indimenticabile della bellezza di Firenze."
Sample_43,Human,"Quest’estate dal 26 giugno all’1 luglio siamo siamo partiti per Malta con il mio gruppo di amici. questo è stato un evento importante per me perché è stato il mio primo viaggio fuori dall’Italia con ragazzi della mia stessa età a livello turistico diciamo che non ho visto molto, anche perché l’obiettivo principale era quello di divertirsi, sono stato a Paradise bay una spiaggia stupenda con un promontorio mozzafiato, ogni sera la la passavamo a San Julian, una via con locali dappertutto dove dove ho passato serate che non dimenticherò più per il resto della mia vita."
Sample_44,Human,"Insieme al mio amico Pierfrancesco sono andato a Napoli per un viaggio con le nostre famiglie. Napoli è come casa nostra perché almeno una volta all’anno ci capita di andare. È una città caotica e va scoperta in tutte le sue bellissime e innumerevoli sfaccettature. Napoli è una città unica al mondo caratterizzata da molte storie. Ogni vicolo e piazza racconta una storia, ogni angolo offre una scoperta. Le strade sono un affresco vivente di contrasti: strette e caotiche e nei quartieri Spagnoli , via Toledo si apre in tutta la sua bellezza incrociata dal Vesuvio"
Sample_45,Human,"una bellissima esperienza trascorsa nel periodo di marzo è stato il mio viaggio a Roma, insieme ai miei amici e ad altre persone con le quali abbiamo trascorso la notte in un hotel. La mattina , siamo stati in giro visitando il Colosseo, Piazza di Spagna e infine Cine città. Cine città è un parco divertimenti, un posto pieno di giostre ; è stato fantastico fantastico divertirsi assieme ai miei amici abbiamo pranzato e siamo stati dalla mattina fino al pomeriggio. In hotel i servizi non erano un granché e il cibo non era di mio gradimento ma ci siamo divertiti lo stesso . La sera per noi è stato puro divertimento. Ci nascondevamo nelle camere, ballavamo cantavamo era un divertimento continuo. La mattina un po’ meno perché era molto traumatico dopo essersi addormentati tardi. Che dire è stata un’esperienza indimenticabile."
Sample_46,Human,"In cima alla lista c'è il primo modello che ho messo sulla mensola dei miei ricordi.
Era durante un caldo giorno di primavera nei sobborghi della mio paese San Pietro
Apostolo, in quello che doveva essere l'anno 2008, quando ho avuto l'onore di
parlare nella biblioteca di un piccolo paese. Ricordo che ero molto ansioso e con la
mia, in quel momento enorme, statura ho iniziato il mio discorso al piccolo podio.
Sono stato accolto da volti amichevoli, la maggior parte dei quali si definiva mia
famiglia e amici, circa una ventina di loro per essere precisi, nell'aria si percepiva
l'odore familiare di carta e legno che riempiva la stanza ricordandomi la mia infanzia.
Tutto era progettato in modo perfettamente semplice, dalle piccole librerie montate
sulle pareti color crema alle sedie di legno disposte verso il podio dove la mia voce si
amplificava, ogni dettaglio si adattava perfettamente. Il mio discorso era incentrato
sullo sviluppo personale e sul cambiamento, entrambi temi a cui ero molto
appassionato. E mentre in un primo momento ero preoccupato durante il mio
discorso, per qualche motivo quella stanza mi ha reso sicuro e mi ha dato coraggio.
Con la nota finale e gli applausi della folla che echeggiavano il sentimento degli
applausi successivi; sapevamo che in quel momento era finalmente iniziata una
nuova era in cui tutto sembrava essere sotto controllo. Ero più ispirato che mai e il
cambiamento nella mia prospettiva era così enorme, è tutto cominciato con quella
piccola biblioteca, da essere il mio santuario a diventare storia. E da essere il luogo
che è stata la base del mio cammino verso la fiducia in me stesso."
Sample_47,Human,"L’otto novembre del 2021 è stato un giorno fantastico per me, una cosa che porterò per sempre nel mio cuore. Proprio quel giorno ho ricevuto il mio cane, Kira , che mi ha cambiato per sempre la vita. Ormai erano anni che chiedevo un cagnolino. Kira era piccolissima, dolce e anche spaventata, ma era pronta a riempire la casa di affetto. La prima volta che l’ho vista è stata a catanzaro, ha casa mia nel salotto, lei si trovava in una scatola molto piccola proprio come lei. Da quel giorno è diventata parte della mia vita, la mia migliore amica, con cui ho condiviso momenti belli e brutti. Quel giorno e quell’amicizia segna l’inizio di una nuova fase e amicizia piena di amore, tenerezza e gioco."
Sample_48,Human,"Il 23 luglio 2022 a sersale, un paesino in provincia di Catanzaro, avevo finito di pranzare e stavo riposando. Dopo un pò arriva mia cugina che doveva farmi la ceretta in modo tale che il giorno dopo potessi andare al mare. Ci dirigiamo in bagno, ma ad un tratto inizio ad avvertire che l'orecchio destro si era tappato. Avviso mia mamma, che viene subito a controllare. Subito dopo inizio a vedere tutto nero, ma nemmeno il tempo di avvisare mia mamma e mia cugina che svengo. Una volta “risvegliata” mi portano sul divano e chiamano il 118 che insisteva a non voler venire perché sosteneva che io mi ero ripresa quindi per un controllo doveva portarmi mio padre in ospedale, nonostante ciò alla fine è arrivata mi hanno fatto un pò di controlli e mi hanno portata in ospedale. Ricordo che ero molto ansiosa poiché era la prima volta che venivo ricoverata. All'inizio ero da sola in camera ma poi mi hanno spostata con una bambina. Dopo 7 giorni mi hanno mandata via e messa in day hospital. È stata un'esperienza che mi ha segnato in particolar modo in quando come detto prima era la prima volta che venivo ricoverata.
"
Sample_49,Human,"Nell'estate del 2021, mi trovavo con i miei cugini e le mie cugine in macchina, a Lamezia, mentre ci stavamo dirigendo allo zoo, in una calda giornata d'estate. Arrivati a destinazione ci vengono richiesti i biglietti all'ingresso. Entrati, abbiamo iniziato ad incamminarci ed abbiamo osservato i diversi animali presenti per vederli e conoscerli nella loro specie. Faceva molto caldo, era pieno di persone. Ad un certo punto ci siamo ritrovati davanti ad una grande gabbia, circondata da fiori ed alberi; un posto abbastanza scomodo. Dentro quella grande gabbia c'era un leone affamato, per questo motivo le guide turistiche ci hanno dato la carne a pezzi così da sfamare il leone e osservarlo mentre mangiava. Il suo ruggito era così forte che mi spaventò. Osservammo tutti gli animali e una volta finito il tour siamo tornati a casa, contenti di aver conosciuto e osservato gli animali."
Sample_50,Human,"La prima volta che sono entrata in classe come assistente universitaria è stato in un posto incredibile: il frutto di un intervento di archeologia industriale per un corso di architettura del paesaggio. 
Non posso pensare a quell'aula senza tornare con la mente al lungo percorso che mi ci porta, alle volte che l'ho rifatto. Dopo stazioni e treni, si arriva in una cittadina apparentemente tranquilla. L'aria è quasi sempre umida, lo si avverte anche sotto le scarpe, calpestando l'erba sempre curata. 
Per entrare all'università bisogna superare un grande cancello di ferro, uno dei pochi varchi in quella che sembra una grande cinta muraria. Il lungo viale porta ad aree più ampie e verdi, le aule universitarie che hanno sede nei tanto capannoni in mattoni rossi. Al loro interno ci sono tutti i conturbanti attrezzi da lavoro dell'ex mattatoio, pesanti blocchi di metallo che fanno evidentemente arredo. Fuori il cielo è grigio e anche all'interno c'è quasi sempre una certa oscurità. I docenti, impegnati nella presentazione di inizio corso, proiettano immagini di riferimenti, luoghi da progettare, concetti imprescindibili da fissare. La penombra in cui si lavora però non ha niente di oscuro. C'è tutta la curiosità di conoscersi e la consapevolezza di fare tutti insieme quell'ultimo tratto precedente alla laurea.
Passeggiare da un capannone all'altro è la continua scoperta di un ambiente. 
Una volta trovato il capannone giusto, non resta che guadagnare la cattedra, percorrendo un corridoio che sembra lunghissimo. Dopo la presentazione, ripenso l'effetto telescopico di quel momento: adesso l'ambiente sembra avere proporzioni meno stupefacenti. "
Sampe_51,Human,"Un evento importante della mia vita è stata la mia prima volta a Roma. Una città di amore e arte; ogni angolo scopri qualcosa di nuovo. Sono stato quattro giorni nella città eterna, soggiornando al Colosseo ogni mattina mi alzo con la vista sulla capitale. Sono stati quattro giorni in cui ho capito che Roma sarà la città in qui mi trasferirò in futuro studierò quello che mi appassiona vale a dire il Design e la moda. Spero che tra due anni il mio sogno si avvererà."
Sample_52,Human,"Il mio viaggio in Jamaica è stato fantastico., Un luogo con un incredibile bellezza naturale e una cultura unica. L’isola è circondata da acque cristalline e spiaggia di sabbia bianca come monego bah che offre panorami incredibili e un’ atmosfera così rilassante e armoniosa. I colori vivaci della natura lasciano senza fiato, dalle montagne alle cascate. La natura si fonda con l’accoglienza calorosa della gente del posto e la coinvolgente musica raggae , È stata un’esperienza autentica e indimenticabile."
Sample_53,Human,"Anni fa sono stato insieme alla mia famiglia nei pressi di Roma, ad un evento in cui sarebbero stati presenti numerosi personaggi di finzione.

Si trattava di un enorme area aperta nel verde con alcuni piccole strutture in legno e un'altra interna simile al corridoio sotterraneo di un castello.

Per quanto fossi troppo timido per seguire gli altri nell'incontrare personaggi come Thor, Spider-Man o Hulk, ho casualmente incrociato lo sguardo con una delle principesse della Disney, facendo involontariamente colpo."
Sample_54,Human,"Avevo 4 anni ed ero in compagnia dei miei genitori a visitare il Parco Archeologico di Locri. Durante la visita, ho lasciato la mano di mia madre per recarmi in uno degli ambienti di un edificio e, senza uno specifico criterio scientifico, ho separato le pietre e i calcinacci dalla ceramica a vernice nera; proprio, come farebbe un vero archeologo."
Sample_55,Human,"Alcuni anni fa ero nel patio della mia casa in Sila. La casa è piuttosto isolata, non ci sono nei paraggi altri insediamenti se non qualche abitazione rurale lontana nei campi.Dal patio, affacciato su un prato e costeggiato dal bosco, si vede una fila di pini che separa la strada comunale dal prato e funge da confine della proprietà insieme ad un cancello di legno un pò nascosto dagli alberi. Era l'imbrunire ed, essendo agosto, cominciava a sentirsi il canto delle cicale, seduta sul divano con il mio tè tra le mani, guardavo i profili dell'altopiano, quando una sagoma sconosciuta apparve nei pressi del cancello ed avanzò. Negli attimi che mi separavano dall'incontro provai un misto timore e di curiosità perchè in genere gli amici ed i conoscenti giungono alla mia casa nel bosco in auto. La donna, alta e ben piantata, aveva i capelli biondi corti e gli occhi di un turchese trasparente, e dopo alcuni convenevoli mi disse di essersi da poco trasferita dall'Olanda sull'altipiano e di aver comprato qui casa con l'intenzione di coltivare fiori ed ortaggi. La cosa mi colpì molto e fu l'inizio di un sodalizio che ancora oggi dura."
Sample_56,Human,"Un evento importante della mia vita che ha segnato il primo spartiacque tra un prima e un dopo è, senza dubbio, la mia decisione di studiare a mille chilometri da casa, mettendomi alla prova come persona, prima ancora che come studente.
Appena diplomata ho deciso che avrei frequentato l'Università a Pisa e non nella più vicina Cosenza. L'Università della Calabria sarebbe stata la scelta più agevole, mi avrebbe consentito di gestire gli impegni universitari e di ridurre il carico delle incombenze quotidiane ma, per mia natura, non ho mai scelto la soluzione più comoda, meno dispendiosa in termini di energie ed impegno personale.
Avevo visitato Pisa qualche anno prima e le sue vie strette e piene di vita, i suoi palazzi ricchi di storia, le case torri dai nobili rimandi culturali, il bianco e il verde di Piazza dei Miracoli o del cimitero ebraico, tutto mi era sembrato potesse arricchire la mia esperienza accademica, potesse essere parte di un processo di crescita e maturazione in senso ampio. Mi era sembrato che tra le mura della città antica riecheggiassero ancora le voci dei suoi antichi abitanti, le melodie medioevali che l'avevano resa una città potente e ambiziosa. Ho pensato che avrei voluto che la mia storia come persona adulta iniziasse laddove avrei potuto  assorbire, con avidità e rigore, le esperienze dei tanti studiosi che tra quelle stesse viuzze erano passati meditabondi e pensierosi (Dante, Galilei, Leopardi, Carducci, Shelley, Dickens, per citarne solo alcuni), respirare almeno parte della loro cultura, farmi permeare dalla loro curiosità per il sapere. E Pisa mi ha accolta e non ha mai deluso le mie aspettative. Ogni volta che rifletto sulla mia formzione e sulla persona che sono diventata penso a quanto sia debitrice di quella città, in termini di opportunità.  "
Sampe_57,Human,"Uno degli eventi più significativi della mia vita è stato il trasferimento dalla mia città natale a un piccolo paese dove ho cominciato la mia prima esperienza lavorativa. Questo cambiamento, carico di emozioni e aspettative, ha rappresentato una tappa fondamentale del mio percorso personale e professionale.
Il luogo in cui mi sono trasferito è un paesino circondato da colline verdeggianti. Ricordo il mio arrivo:  le case con le facciate color pastello, e quella sensazione di freschezza che si prova quando si è circondati dalla natura.
L’ambiente lavorativo che mi aspettava è stato una sorpresa altrettanto positiva. La mia nuova realtà professionale si è rivelata un luogo di grande armonia, dove ho trovato colleghi collaborativi e pronti a condividere conoscenze ed esperienze. Questo ha facilitato non solo il mio inserimento, ma anche la costruzione di relazioni umane solide.
Questo trasferimento non ha solo segnato un cambiamento geografico, ma ha rappresentato anche una nuova prospettiva di vita."
Sample_58,Human,"Messina per me era solo viale Boccetta. Un attraversamento verso l’imbarcadero da e verso l’Italia. La sera prima, i grandi viali perpendicolari rivelarono invece una città che si espande in lunghezza, da Nord a Sud. Borghese. Silenziosa. Tutta protesa su di un mare per lo più negato ma impresso nella mescola del milieu paesaggistico. La mattina ne rivelò la potenza, negli scintillii della superficie calmissima. Poi fu il tempo della prova. Un edificio arroccato su un colle, enorme cubatura in cemento armato e vetri opachi. In dismissione eppure viva. Facce sconosciute che sarebbero diventate lavoro e famiglia. Il colloquio in una sala riunioni che dominava lo Stretto. Settimane dopo, il responso. Avrei potuto scegliere dove lavorare. Ho scelto bene."
Sample_59,Human,"Oramai, sono passati un po' di anni ma l'esperienza ha segnato il mio percorso di vita. Al termine degli studi universitari, ho intrapreso una collaborazione di ricerca universitaria, intraprendendo un dottorato di ricerca in studi linguistici e letterari. Questo percorso ha fatto si che io vivessi tatto tempo all'interno di laboratori di ricerca in cui ho tessuto diverse esperienze personali e professionali che hanno segnato il mio essere. "
Sample_60,Human,"Il mio ritorno a Milano, la città dove sono nata, dopo circa vent'anni è stato un viaggio emozionante e pieno di sorprese. Sin dai binari della stazione centrale ho respirato l'aria della mia città natale che con il suo fascino unico e la sua energia vibrante, si presentava sia familiare che nuova ai miei occhi.

Passeggiare per le strade del centro ha dato finalmente concretezza a quei luoghi che avevo tanto immaginato grazie ai continui racconti dei miei familiari ed è stata anche occasione per scoprire quanta evoluzione c'è stata. Il viaggio ha fatto tappa tra passato e presente, dal classico e centralissimo Duomo alle moderne infrastrutture e i nuovi quartieri come Porta Nuova e CityLife nuovi simboli di innovazione e bellezza.

Un momento incredibilmente speciale è stato rivedere la  mia casa natale, quella dove ho mosso i primi passi ma della quale ho pochi ricordi poiché trasferitami in tenera età. La nostalgia è stata tanta e mi sono resa conto di quanto quel luogo avesse plasmato la donna che sono oggi.

Questo viaggio a Milano mi ha insegnato che, nonostante il tempo passi e le cose cambino, le radici rimangono profonde e indissolubili. Milano non è solo il luogo della mia nascita, ma una parte insostituibile di me per questo sono sicura che vi ritornerò presto."
Sample_61,Human,"Ricordo con affetto una Réunion di famiglia tenutasi a casa della nonna materna in età scolare, durante la quale decidemmo di incamminarci verso la""bocca del Vesuvio"", non distava molto dall'abitazione siccome ci trovavamo alle pendici del Vesuvio. Fu una vera e propria esplorazione per me, poiché si trattava della mia prima volta  alla scoperta della natura, di sentieri, scorciatoie, animali, e soprattutto pietre vulcaniche... Fu molto faticoso ma quando arrivammo in cima il panorama che si poteva ammirare non aveva assolutamente eguali, il golfo di Napoli in una splendida giornata di sole, con le crociere che si accingevamo ad approdare al Molo Beverello."
Sample_62,Human,"Qualche anno fa, per riprendermi da un periodo non felice, sono stata in Norvegia per un po’. Volevo avere davanti agli occhi paesaggi totalmente diversi da quelli a cui ero abituata e, in quel periodo, direi quasi assuefatta. Un pomeriggio di quei giorni norvegesi, ho preso i mezzi pubblici per andare fuori città. C’è questo di strano lì: che il centro di Oslo dista pochissime fermate di metro dal paesaggio innevato e deserto del lago Sognsvann, dove non c’è niente e nessuno; solo una distesa ghiacciata e bianca che corre ininterrotta fino al punto estremo dell’orizzonte, da tutte le parti…a un quarto d’ora dalla città! Questo crea uno strano cortocircuito: il tempo suggerisce che non sei lontano dalla metropoli, dalla vita. Lo spazio, invece, ti dice che sei sola, vicina al Polo Nord più di quanto lo sia stata in tutta la vita. Cercavo, dunque, il lago Sognsvann, munita di mappe. Ho camminato per circa due ore, sono scivolata sulla neve, mi sono fatta male a un ginocchio. Poi ho iniziato a non sentire più le mani per il freddo. Iniziava a far buio, la luce si faceva via via più livida e del lago nessuna traccia. Mi avvio desolata all'ultima fermata della metro, siamo solo in 3 ad aspettarla. Arriva, salgo, vado via. Converso con una donna durante il tragitto, le racconto di aver camminato a lungo per vedere il lago. Ne avevo letto sulle guide turistiche, avevo visto delle foto meravigliose, ne avevo sentito parlare, ero curiosa, ma niente, non avevo saputo trovarlo. Mi risponde, stranita, che ci ho camminato sopra per due ore.  "
Sample_63,Human,"Un evento saliente della mia vita è stata la sorpresa e l'esplorazione dei musei vaticani.

Anni fa, poco meno che ventenne, andai per la prima volta a Roma, e come ogni turista che aspettava da anni l'esperienza di visitare la ""città eterna""  desideravo vedere ed esplorare le attrazioni principali: il Colosseo, la Fontana di Trevi, il Pantehon, Piazza di Spagna, Fori Imperiali etc etc...  Cioè tutti quei luoghi che spesso si vedono in TV, ed anche nei videogiochi (qualche anno prima avevo giocato con un noto videogioco, graficamente avanguardistico e accattivante per l'epoca, noto come ""Assassin's Creed: Brotherhood"" ambientato a Roma). 

La mia ""guida turistica"" fu mia sorella, che già aveva visitato Roma, ma la capitale d'Italia è infinita di bellezze e luoghi da ammirare. Grazie alla sua precedente esperienza riuscimmo ad usare il poco tempo a disposizione per cercare di vedere le attrazioni principali, quelle più ""turistiche"" e da ""cartolina"", e ci riuscì agevolmente. 

Lei insisteva affinché sacrificassimo quasi un'intera giornata per visitare i musei vaticani, io volevo continuare a visitare la città, credevo che ci fossero cose più interessanti da vedere, ma dato la sua insistenza  ci andammo e mi dovetti ricredere: rimasi folgorato già all'ingresso, per qualche secondo mi mancò il fiato, ignoravo tutte le bellezze che quel luogo conteneva, praticamente un concentrato della storia umana, e detto sinceramente, chi l'avrebbe mai detto che potessi trovare delle mummie a Roma? 

Questo evento mi ha fatto appassionare ai musei, ed ogni volta che svolgo una gita o vacanza cerco un luogo che mi possa suscitatare sensazioni di ammirazione e stupore."
Sample_64,Human,"“Un incontro”, questo è stato il momento più importante della mia vita; un incontro, anzi l’incontro con una persona completamente diversa da me, sotto ogni punto di vista: il mio futuro marito; avvenuto in un luogo comunemente ritenuto inidoneo – per così dire - per “conoscenze” romantiche: l’ospedale.
Ebbene sì, l’evento che ha cambiato la mia vita è avvenuto in un ospedale, in mezzo a persone sofferenti, a degenti in via di guarigione, a medici e infermieri che si prendono cura dei malati; un luogo di vita, di speranza e di morte, di dolore, di sorrisi e di lacrime; un incontro avvenuto alla presenza di una persona che da lì a pochi giorni sarebbe venuta a mancare. 
Evento fortuito in un ambiente che più inaspettato non si può. Eppure, anche nei luoghi pieni di sofferenza -di diversa natura- da cui nascono nuove vite, può accadere che ci sia un “passaggio” di testimone; per una persona che se ne va, ne arriva un’altra che la sostituirà, quasi a consentire a chi rimane di essere aiutato, lentamente, a riprendersi per “ riaffacciarsi” alla vita.
Quella sera di oramai molti anni fa, la natura stava dimostrando a tutti gli esseri umani che Lei c’era, forte e impetuosa: una sera di pioggia scrosciante e vento, nella seconda metà di Dicembre; una sera in cui chi era a casa, lì avrebbe preferito restare, date le condizioni metereologiche avverse…eppure non io, non mio padre che voleva recarsi presso la struttura ospedaliera della città dove sono nata e vivevo all’epoca, per far visita ad una cognata che vi era ricoverata già da alcuni giorni.
Chi tra gli amici e conoscenti ha ascoltato la storia del nostro incontro è rimasto colpito - inutile a dirsi - in particolar modo, dal luogo in cui esso è avvenuto; ma proprio quel luogo ha suggellato un incontro tra due persone, che in quel momento rappresentavano due facce (tristezza e serenità) della stessa medaglia: la vita. 
"
AI_sample_1(1),AI,"Era una sera d’estate perfetta: il cielo terso, la brezza marina leggera e il suono delle onde che si mescolava all’eccitazione della folla. Il concerto si teneva su una grande piattaforma vicino alla spiaggia, con il palco illuminato che sembrava fondersi con l’orizzonte.

Appena le luci si abbassarono, un boato attraversò il pubblico. Le prime note risuonarono nell’aria, e la voce dell’artista si diffuse potente, accompagnata dal battito delle mani e dai cori entusiasti. Cantavo insieme agli altri, sentendomi parte di qualcosa di più grande, avvolto dalla magia della musica dal vivo.

L’atmosfera era elettrica: le luci si riflettevano sull’acqua, il vento portava con sé l’eco della melodia e ogni canzone sembrava amplificare l’energia collettiva. Quando il concerto giunse al termine e l’ultima nota si dissolse nel rumore del mare, rimasi immobile, assaporando l’emozione di un’esperienza che non avrei mai dimenticato
"
AI_sample_1(2),AI,"La sera del concerto il mare era calmo, il cielo limpido e una brezza leggera rendeva l’atmosfera perfetta. La grande piattaforma sulla spiaggia si illuminava a intermittenza mentre il pubblico attendeva impaziente. Il suono delle onde si mescolava ai mormorii eccitati della folla.

Quando le luci si abbassarono, un boato di entusiasmo riempì l’aria. Le prime note risuonarono potenti, seguite dalla voce inconfondibile dell’artista. Il pubblico cantava all’unisono, le mani alzate verso il cielo. Le luci del palco danzavano sull’acqua, creando un gioco di riflessi quasi surreale.

Ogni canzone sembrava amplificare l’energia collettiva. Il vento portava il ritmo lontano, mentre l’oceano sembrava rispondere con il suo mormorio continuo. Quando l’ultima nota si dissolse nel suono del mare e le luci illuminarono il pubblico, rimasi immobile per qualche istante, consapevole di aver vissuto qualcosa di unico, un frammento di felicità sospeso tra musica e infinito.
"
AI_sample_1(3),AI,"La notte del concerto il mare brillava sotto il cielo stellato, mentre una brezza leggera accarezzava la folla radunata sulla spiaggia. Il palco, illuminato da luci vibranti, si stagliava contro l’orizzonte, creando un’atmosfera quasi surreale. Il suono delle onde si mescolava al brusio eccitato del pubblico in attesa.

Appena le luci si abbassarono, un boato esplose tra la gente. Le prime note risuonarono nell’aria, intrecciandosi con il rumore del mare. La voce dell’artista si diffuse potente, coinvolgente, e il pubblico iniziò a cantare all’unisono, trasportato dall’energia della musica. Le mani si alzavano, i corpi ondeggiavano al ritmo, mentre i riflessi delle luci sul mare sembravano danzare con noi.
Ogni canzone amplificava l’emozione collettiva, rendendo il momento unico e irripetibile. Quando l’ultima nota si dissolse nell’aria e il pubblico esplose in un lungo applauso, rimasi fermo, immerso nella magia di quella notte, consapevole di aver vissuto un’esperienza indimenticabile.
"
AI_sample_2(1),AI,"Era una mattina di settembre quando ricevetti la chiamata. Il numero sconosciuto sullo schermo del telefono fece accelerare il battito del mio cuore. Risposi con un misto di speranza e nervosismo. Dall’altra parte, una voce gentile mi informò che ero stato selezionato per una supplenza in una scuola di una regione lontana dalla mia.

Mi vennero in mente mille domande: sarei stato all’altezza? Come sarebbe stata la scuola? E la città, sconosciuta e distante, avrebbe saputo accogliermi? Avevo poco tempo per decidere. La possibilità di insegnare era ciò che avevo sempre desiderato, ma lasciare la mia terra, la mia famiglia e le mie abitudini mi metteva alla prova.

Dopo un attimo di esitazione, accettai. In poche ore, preparai la valigia con l’essenziale: libri, qualche vestito e tanta determinazione. Il viaggio fu lungo e silenzioso, fatto di paesaggi che cambiavano rapidamente fuori dal finestrino.

All’arrivo, la scuola mi sembrò imponente, ma l’accoglienza dei colleghi mi diede subito conforto. Entrai in classe con il cuore che batteva forte, osservai gli studenti e, in quell’istante, capii che avevo fatto la scelta giusta. Una nuova avventura era appena cominciata.
"
AI_sample_2(2),AI,"Era una mattina di fine settembre quando il telefono squillò. Sul display comparve un numero sconosciuto. Esitai un istante prima di rispondere, già intuendo che quella chiamata avrebbe potuto cambiare tutto. Dall’altro capo, una voce formale annunciò che ero stato selezionato per una supplenza in una scuola di un’altra regione.

Il cuore iniziò a battermi più forte. Una parte di me era entusiasta: finalmente l’opportunità che aspettavo. Ma l’idea di lasciare la mia città, le mie abitudini e gli affetti mi lasciava un senso di incertezza. Avevo poco tempo per decidere.

Dopo un respiro profondo, accettai. In poche ore preparai la valigia: qualche abito, i miei libri e un misto di emozione e timore. Il viaggio in treno fu lungo, scandito da pensieri e paesaggi che scorrevano veloci fuori dal finestrino.

Arrivato a destinazione, la scuola mi apparve imponente, quasi estranea. Ma l’accoglienza del personale fu calorosa, dissipando ogni dubbio. Quando entrai in classe e incontrai gli sguardi curiosi degli studenti, ogni paura svanì. In quel momento capii che quella non era solo una nuova esperienza, ma l’inizio di qualcosa di importante.
"
AI_sample_2(3),AI,"Era una mattina di fine settembre quando il telefono squillò. Sullo schermo comparve un numero sconosciuto. Esitai un attimo prima di rispondere, con il presentimento che quella chiamata avrebbe segnato un cambiamento.

Dall’altro capo, una voce cortese mi comunicò che ero stato selezionato per una supplenza in una scuola di un’altra regione. L’opportunità che avevo atteso a lungo era finalmente arrivata, ma insieme all’entusiasmo si fece strada un senso di incertezza. Lasciare la mia città, le mie abitudini e le persone care non sarebbe stato semplice. Avevo pochi minuti per decidere.

Con un respiro profondo, accettai. In poco tempo preparai la valigia con l’essenziale: vestiti, libri e una buona dose di coraggio. Il viaggio in treno fu lungo, accompagnato da paesaggi che cambiavano rapidamente fuori dal finestrino e da pensieri che si rincorrevano nella mia mente.

All’arrivo, la scuola mi sembrò grande e sconosciuta, ma l’accoglienza dei colleghi mi trasmise subito un senso di appartenenza. Quando entrai in classe e incrociai gli sguardi attenti degli studenti, ogni dubbio si dissolse. In quel momento capii che stava iniziando un’avventura che avrebbe lasciato il segno.
"
AI_sample_3(1),AI,"La mia discussione di laurea da remoto è stata un’esperienza tanto surreale quanto indimenticabile. Non avrei mai immaginato di dover discutere il mio lavoro di anni davanti a uno schermo, senza l’aula solenne, senza la presenza fisica della commissione e senza il calore dei miei cari accanto. Eppure, in un’epoca segnata dall’imprevisto, mi sono adattato, cercando di vivere quel momento con la stessa emozione e consapevolezza di chi entra in un’aula universitaria per l’ultimo, grande passo.

Il giorno della discussione, la mia casa si trasformò in una sorta di aula virtuale. Sistemai la scrivania, controllai la connessione più volte e provai il discorso fino all’ultimo minuto. Quando finalmente il link della videoconferenza si aprì, il cuore mi batteva forte. Sullo schermo apparvero i volti della commissione, formali e attenti, mentre dietro di me la luce del pomeriggio filtrava dalla finestra, creando un contrasto tra il mondo esterno e quel momento così intimo.

Parlai con sicurezza, cercando di trasmettere tutto il lavoro, la passione e la fatica di anni di studio. Ogni parola risuonava in un silenzio digitale quasi irreale. Dopo l’ultima slide, un breve attimo di pausa e poi la proclamazione: ero ufficialmente laureato. Sullo schermo comparvero sorrisi e applausi virtuali, mentre nella mia stanza si mescolavano emozione, sollievo e la consapevolezza di aver chiuso un capitolo importante della mia vita in un modo inaspettato, ma comunque memorabile.
"
AI_sample_3(2),AI,"La mia discussione di laurea da remoto è stata un’esperienza strana, quasi irreale. Per anni avevo immaginato quel momento in un’aula gremita, con la commissione seduta davanti a me e i miei cari tra il pubblico. Invece, mi trovavo nella mia stanza, davanti a uno schermo, con la luce del pomeriggio che filtrava dalla finestra e il cuore che batteva forte.

La mattina della discussione sistemai tutto con cura: la scrivania in ordine, il computer carico, la connessione verificata più volte. Provai il discorso ancora e ancora, cercando di ignorare l’ansia che cresceva. Quando finalmente accesi la videocamera e vidi apparire i volti della commissione, un misto di emozione e tensione mi attraversò.

Iniziai a parlare, cercando di trasmettere con sicurezza tutto il lavoro, la dedizione e le ore di studio dietro alla mia tesi. Ogni slide scorreva fluida, ogni parola risuonava nel silenzio digitale di quella stanza virtuale. Alla fine, ci fu un attimo di sospensione, poi la proclamazione. Il titolo era mio.

Sul monitor apparvero sorrisi, applausi silenziosi, qualche messaggio di congratulazioni. Chiusi il computer e rimasi un attimo immobile. Fuori, il mondo continuava come sempre, ma dentro di me sapevo che qualcosa era cambiato per sempre.
"
AI_sample_3(3),AI,"La mia discussione di laurea da remoto è stata un’esperienza insolita, diversa da come l’avevo sempre immaginata. Niente aula solenne, niente pubblico, solo me, il mio computer e una connessione internet da controllare ossessivamente. Eppure, nonostante la distanza fisica, l’emozione era la stessa, intensa e palpabile.

La mattina della discussione preparai tutto con cura: la scrivania in ordine, il computer carico, la luce giusta per evitare ombre fastidiose sul volto. Ripassai il discorso più volte, cercando di ignorare il battito accelerato del cuore. Quando finalmente entrai nella videoconferenza, vidi apparire i volti della commissione, severi ma attenti. Respirai profondamente e iniziai a parlare.

Le parole scorrevano con sicurezza, ogni slide si susseguiva senza intoppi. Parlavo alla webcam, cercando di trasmettere la passione e l’impegno che avevo messo nella mia tesi. L’atmosfera era surreale, un silenzio digitale interrotto solo dalla mia voce. Poi, dopo l’ultima frase, un momento di attesa sospesa e infine la proclamazione: ero ufficialmente laureato.

Sullo schermo apparvero sorrisi, applausi muti, qualche messaggio di congratulazioni. Chiusi il computer e rimasi immobile per qualche istante. Fuori dalla finestra, il mondo era lo stesso, ma dentro di me qualcosa era cambiato per sempre.
"
AI_sample_4(1),AI,"Quando ripenso ai miei anni di scuola, un’ombra si insinua tra i ricordi più luminosi. Ero un bambino timido, con la passione per i libri e poco interesse per lo sport. Questo mi rese il bersaglio perfetto per un gruppo di compagni di classe che sembravano divertirsi nel farmi sentire inferiore. Ogni giorno, i loro commenti sprezzanti e le loro risatine mi facevano sentire fuori posto. Talvolta nascondevano i miei quaderni, altre volte rovesciavano il mio pranzo, ma il peggio era il senso di isolamento.

Non parlai con nessuno di ciò che stavo vivendo, convinto che ignorarli fosse la soluzione. Solo anni dopo, grazie a un professore che notò il mio disagio, trovai il coraggio di reagire. Iniziò un lento percorso di riscatto: scoprii che il valore di una persona non è determinato da chi la deride. Oggi, quell’esperienza mi ha insegnato l’importanza di parlare e di tendere la mano a chi si sente solo.
"
AI_sample_4(2),AI,"Durante gli anni delle medie, il corridoio della scuola era per me un campo minato. Ogni passo poteva significare un insulto sussurrato, una spinta improvvisa o uno zaino strappato dalle mani. Ero il ragazzo introverso, quello che preferiva i libri al calcio, e per questo motivo ero diventato il bersaglio di chi cercava un facile divertimento. All’inizio, pensavo che il modo migliore per affrontarlo fosse il silenzio: abbassavo la testa e aspettavo che passasse. Ma più tacevo, più loro si sentivano legittimati a continuare.

Un giorno, una compagna di classe mi chiese perché lasciassi che mi trattassero così. Quelle parole mi scossero. Non avevo una risposta. Da quel momento, iniziai a rispondere, a chiedere aiuto, a non sentirmi più in colpa per la loro cattiveria. Il percorso per ricostruire la mia autostima fu lungo, ma oggi so che nessuno dovrebbe mai restare in silenzio davanti al bullismo. Parlare è il primo passo per riprendersi la propria voce.
"
AI_sample_4(3),AI,"Il primo giorno di scuola fu anche il primo giorno in cui imparai cosa significava essere preso di mira. Non sapevo perché fossi finito nel mirino di quel gruppo di ragazzi, ma ogni giorno sembravano trovare un nuovo modo per farmi sentire inferiore. Mi chiamavano con soprannomi crudeli, ridevano se sbagliavo una risposta in classe e mi facevano sentire come se non avessi alcun valore.

Per anni, ho vissuto con la paura di essere notato. Evitavo di parlare, camminavo rasente ai muri, sperando di passare inosservato. Ma la paura non era una soluzione. Il cambiamento arrivò quando iniziai a coltivare le mie passioni senza vergogna e a circondarmi di persone che mi apprezzavano per ciò che ero. Non fu facile, ma giorno dopo giorno, il loro potere su di me si sgretolò.

Oggi, se rivedo qualcuno subire ciò che ho vissuto io, non rimango in silenzio. Perché ho imparato che il bullismo si nutre della paura, e il coraggio è l’unica arma per spezzarlo.
"
AI_sample_5(1),AI,"Ci sono luoghi che non ho mai visitato, eppure li sento vicini. Li ho scoperti attraverso lo schermo della televisione, seduto sul divano di casa, mentre documentari e reportage mi trasportavano in mondi lontani. Ho attraversato le giungle dell’Amazzonia, osservato il sole sorgere tra le dune del Sahara, seguito esploratori nelle gelide distese dell’Antartide. Non ho mai sentito il calore del deserto sulla pelle né il vento sferzante dell’oceano, ma ho vissuto queste emozioni attraverso le immagini.

La televisione non è solo una finestra sul mondo, è un mezzo per viaggiare con la mente, per avvicinarsi a culture diverse, per imparare senza spostarsi fisicamente. Guardando un documentario su un remoto villaggio del Nepal, ho scoperto tradizioni che altrimenti mi sarebbero rimaste sconosciute. Un reportage sulla vita negli abissi marini mi ha fatto comprendere la vastità e la meraviglia dell’oceano.

Ogni viaggio visto in televisione lascia una traccia: mi arricchisce, mi ispira e mi invita a sognare.
"
AI_sample_5(2),AI,"AI_sample_5(2):

Non serve sempre un biglietto aereo per viaggiare: a volte basta accendere la televisione. Da bambino, mi incantavo davanti ai documentari naturalistici, osservando gli animali della savana muoversi con eleganza o gli iceberg frantumarsi nell’oceano. Crescendo, ho imparato a considerare la televisione come una bussola per orientarmi tra culture e paesaggi sconosciuti.

Un programma di viaggio mi ha portato tra i templi dell’India, un reportage mi ha fatto scoprire le meraviglie dell’Islanda, e una serie storica mi ha mostrato il volto di città che hanno attraversato i secoli. Non ho mai camminato tra le rovine di Machu Picchu, ma ho imparato a riconoscerne ogni angolo. Non ho mai navigato tra le isole della Polinesia, eppure il loro richiamo mi affascina come se le avessi esplorate davvero.

Viaggiare con gli occhi è un’esperienza potente. Attraverso la televisione, il mondo diventa accessibile, alimentando la mia curiosità e il desiderio, un giorno, di vedere con i miei stessi occhi ciò che oggi esploro solo con la mente.
"
AI_sample_5(3),AI,"Ci sono viaggi che si compiono senza mai lasciare la propria casa. Basta uno schermo acceso, una voce narrante che accompagna immagini mozzafiato, e il mondo si svela in tutta la sua grandezza. La televisione è il mio passaporto per paesi lontani, un biglietto d’ingresso per paesaggi e culture che altrimenti resterebbero sconosciuti.

Attraverso i programmi di viaggio ho esplorato le strade affollate di Tokyo, ho sorvolato le Ande con le riprese aeree di un documentario, ho seguito il cammino di esploratori tra i ghiacci dell’Artico. Ogni immagine porta con sé una lezione: l’arte culinaria di paesi esotici, le sfide della natura selvaggia, le storie di popoli lontani.

Anche se non posso sentire il profumo delle spezie di Marrakech o il fruscio del vento tra le sequoie della California, la televisione mi regala frammenti autentici di questi luoghi. È un viaggio incompleto, forse, ma è il primo passo verso la scoperta, il seme di una futura avventura."
AI_sample_6(1),AI,"Tornare nella mia città natale è sempre un’esperienza ambivalente. Da un lato, provo un senso di familiarità profonda: le strade, i palazzi e i luoghi che hanno segnato la mia infanzia sono ancora lì, immobili nel tempo. Dall’altro, avverto un senso di straniamento: la città è cambiata, e anch’io lo sono.

Camminando per il centro, riconosco il bar in cui prendevo il gelato da bambino, ma il vecchio cinema dove andavo il sabato pomeriggio è stato trasformato in un negozio di abbigliamento. La casa in cui sono cresciuto è la stessa, eppure ora mi sembra più piccola. I volti che incontro sono un misto di ricordi e sconosciuti: alcuni amici d’infanzia non sono più qui, altri sono cambiati al punto da sembrare estranei.

Eppure, ogni volta che torno, mi accorgo che questa città continua a essere parte di me. Anche se il tempo passa, le sue radici restano intrecciate alle mie, ricordandomi sempre da dove vengo.
"
AI_sample_6(2),AI,"Appena scendo dal treno, un’ondata di nostalgia mi assale. L’aria ha un odore familiare, un misto di pioggia sull’asfalto e caffè che esce dai bar del centro. È incredibile come un profumo possa riportare alla mente un intero mondo di ricordi.

Percorro le vie della mia infanzia, lasciandomi avvolgere dalla memoria. Ecco la piazza in cui giocavo a pallone con gli amici fino al tramonto, ecco la scuola con la sua facciata scrostata, e il vicolo stretto dove correvo quando ero in ritardo. Tutto è uguale, eppure tutto è diverso. I negozi hanno nuove insegne, i marciapiedi sono più curati, ma l’anima della città è la stessa.

Ritornare qui significa riconnettersi con una parte di me che il tempo non ha cancellato. Ogni angolo racconta una storia, ogni suono risveglia un’emozione. La mia città natale non è solo un luogo: è un frammento di vita che porto sempre con me.
"
AI_sample_6(3),AI,"Quando torno nella mia città natale, è come aprire un vecchio libro e ritrovare le pagine più care. Ogni angolo è un capitolo della mia storia, ogni strada un sentiero già percorso mille volte.

Rivedo la mia vecchia casa, con il giardino dove giocavo da bambino. Le finestre sono le stesse, ma dentro, nuove vite hanno preso il posto della mia. Passeggio per il centro e riconosco la bottega del fornaio, dove il profumo del pane fresco sembra non essere mai cambiato. Eppure, il quartiere ha un volto nuovo: negozi moderni, palazzi ristrutturati, automobili che prima non esistevano.

Ciò che è rimasto immutato, però, è il senso di appartenenza. Ogni ritorno è un viaggio nel tempo, un dialogo tra chi ero e chi sono diventato. Anche se la mia vita ormai si svolge altrove, so che questa città sarà sempre il mio punto di partenza. Il luogo da cui tutto ha avuto inizio.
"
AI_sample_7(1),AI,"Trasferirsi all’estero significa ricominciare da zero. Nuove strade, volti sconosciuti, una lingua che all’inizio sembra un muro invalicabile. La città in cui ci si stabilisce appare inizialmente come un labirinto fatto di suoni, odori e ritmi diversi da quelli a cui si era abituati. Ogni dettaglio quotidiano diventa un’esperienza di apprendimento: il modo di salutare le persone, il sistema di trasporto pubblico, le abitudini alimentari.

All’inizio, la sfida più grande è la comunicazione. Anche se si conosce la lingua, comprenderla nelle sfumature della vita reale è un’altra storia. Le conversazioni scorrono troppo velocemente, i dialetti confondono, le espressioni idiomatiche sembrano codici segreti. Ci si sente spaesati, piccoli in un mondo più grande del previsto. Ma con il tempo, qualcosa cambia. Si impara a decifrare i segnali, a riconoscere le facce nei negozi, a sentirsi meno estranei in un ambiente che diventa gradualmente più familiare.

L’esperienza della permanenza all’estero è fatta di successi e difficoltà. Ogni piccola vittoria – una conversazione senza intoppi, il primo invito a cena da parte di un locale, il sentirsi chiamare per nome con naturalezza – è un tassello che costruisce un senso di appartenenza. La nostalgia di casa è inevitabile, ma si impara a conviverci, scoprendo che il cuore ha spazio per più di un luogo da chiamare “casa”.

Alla fine, vivere all’estero significa anche riscoprirsi. Ci si accorge di essere più resilienti di quanto si pensasse, più aperti al cambiamento, capaci di adattarsi a situazioni nuove. E quando il tempo passa e si guarda indietro, si comprende che quel luogo, che all’inizio sembrava così distante e ostile, è diventato parte della propria storia.
"
AI_sample_7(2),AI,"Vivere all’estero è un viaggio che non riguarda solo la geografia, ma anche la trasformazione personale. È un'esperienza fatta di scoperte continue, ma anche di momenti di solitudine. All’inizio, l’eccitazione per il cambiamento sovrasta ogni difficoltà: nuove città, nuove persone, nuove opportunità. Ogni strada sembra un invito all’avventura, ogni incontro una possibilità di imparare qualcosa di inaspettato.

Ma dopo l’entusiasmo iniziale arriva il momento in cui ci si scontra con la distanza da casa. La nostalgia non colpisce solo nei momenti di difficoltà, ma anche nei piccoli dettagli: il profumo di un piatto tipico che non si trova, una conversazione nella propria lingua madre, il suono delle risate degli amici lasciati indietro. È in quei momenti che si comprende che vivere all’estero non è solo una scelta, ma una prova di adattabilità e forza interiore.

Tuttavia, il senso di smarrimento si attenua con il tempo. Si sviluppano nuove routine, si imparano nuove abitudini, si scopre una versione di sé stessi che prima non esisteva. Lontani dal contesto familiare, si è costretti a guardarsi dentro, a reinventarsi. Si diventa più aperti, più flessibili, capaci di apprezzare culture diverse senza perdere il legame con le proprie radici.

E così, lentamente, la città straniera smette di essere estranea. Si impara a muoversi con sicurezza, si stringono nuove amicizie, si inizia a sentirsi parte del tessuto sociale. Il luogo che un tempo era solo una destinazione diventa casa, anche se in modo diverso dalla città natale. E quando arriva il momento di partire, si lascia un pezzo di cuore, consapevoli che l’esperienza ha cambiato il modo di vedere il mondo per sempre.
"
AI_sample_7(3),AI,"La permanenza all’estero non è solo un viaggio fisico, ma un percorso di trasformazione interiore. Si parte con una valigia piena di aspettative, di sogni e di paure, senza sapere che si tornerà con qualcosa di molto più prezioso: una nuova identità.

All’inizio, ogni cosa è una sfida. Ogni gesto quotidiano che a casa sembrava semplice diventa un test di sopravvivenza: ordinare un caffè, capire le indicazioni stradali, compilare documenti burocratici in una lingua straniera. Ci si sente vulnerabili, quasi invisibili in un mondo che continua a muoversi senza aspettare. Ma poco alla volta, si trova il proprio posto. Si inizia a comprendere meglio la lingua, a riconoscere i volti nei negozi, a sentire meno il peso della distanza.

La più grande lezione di vivere all’estero è l’adattamento. Si impara a essere più flessibili, a lasciar andare le certezze, a reinventarsi continuamente. Ci si accorge che non esiste un solo modo giusto di fare le cose, che ogni cultura ha qualcosa da insegnare. Si impara a guardare il mondo con occhi diversi, a superare barriere mentali, a sentirsi meno vincolati dalle proprie origini e più cittadini del mondo.

Ma la permanenza all’estero insegna anche il valore delle proprie radici. Più ci si allontana, più si comprende cosa significa davvero la propria cultura, quali tradizioni ci definiscono, cosa manca quando si è lontani. È un equilibrio tra l’accogliere il nuovo e il mantenere vivo ciò che si era prima di partire.

Alla fine, tornare a casa dopo aver vissuto all’estero non significa tornare uguali. Si torna con una nuova consapevolezza, con una mente più aperta, con un cuore che ha imparato ad appartenere a più di un luogo. Perché vivere altrove non significa solo partire, ma anche scoprire chi si è veramente.
"
AI_sample_8(1),AI,"Sotto il sole cocente, una famiglia si trovava bloccata sul ciglio della strada con l’auto in panne. Il padre, frustrato, cercava invano di far ripartire il motore. Un passante, vedendoli in difficoltà, si fermò senza esitazione. Con mani esperte, controllò il motore e in pochi minuti riuscì a rimettere in moto l’auto. Il sollievo nei volti dei genitori e il sorriso grato dei bambini furono la più grande ricompensa per quel gesto di gentilezza spontanea.

"
AI_sample_8(2),AI,"Era una sera piovosa quando una famiglia si fermò sul bordo della strada: la loro auto si era improvvisamente guastata. Mentre cercavano una soluzione, un passante si avvicinò con una torcia, offrendo il suo aiuto. Con calma e competenza, controllò il motore e scoprì un cavo allentato. Dopo pochi minuti, l’auto ripartì. La famiglia lo ringraziò con sincera gratitudine, mentre lui, con un sorriso, riprese il suo cammino, soddisfatto di aver fatto la differenza."
AI_sample_8(3),AI,"Una macchina ferma sul ciglio della strada, una famiglia in difficoltà. Un passante nota la scena e si avvicina. Senza esitazione, offre il suo aiuto. Il padre lo guarda, titubante, ma accetta. In pochi minuti, il guasto è individuato e l’auto riparte. Un semplice gesto, un aiuto disinteressato che illumina la giornata di chi lo riceve. La famiglia riprende il viaggio con il cuore più leggero, mentre il passante continua per la sua strada, soddisfatto."
AI_sample_9(1),AI,"La campanella suona, segnando la fine delle lezioni. La studentessa raccoglie i libri, sistema lo zaino e si avvia verso l’uscita, dove il caos del pomeriggio cittadino l’attende. Le strade intorno alla scuola sono un brulicare di studenti che si disperdono tra marciapiedi affollati e fermate degli autobus.

Camminando verso la metro, il traffico scorre frenetico, i clacson suonano senza tregua, e i venditori ambulanti cercano di attirare l’attenzione dei passanti. L’aria sa di smog e caffè appena fatto, proveniente dai bar affollati. Salendo sulla metropolitana, si ritrova stretta tra sconosciuti, il suono metallico degli annunci e il lieve dondolio del treno accompagnano il viaggio.

Dopo alcune fermate, scende e si immerge nuovamente nella città. I grattacieli si stagliano contro il cielo, i negozi brillano di luci al neon, e la vita continua il suo corso frenetico. Passa accanto a un musicista di strada, il cui violino crea una melodia malinconica tra il rumore del traffico.

Arrivata al suo quartiere, tutto sembra più familiare. I vicini scambiano qualche parola, i bambini giocano nel cortile del condominio. Aprendo la porta di casa, il silenzio la avvolge: un contrasto netto con il rumore della città. Getta lo zaino su una sedia, si siede sul letto e finalmente si concede un attimo di respiro.
"
AI_sample_9(2),AI,"L’ultima ora di lezione è terminata e la studentessa si avvia verso l’uscita della scuola. Fuori, la città la accoglie con il suo ritmo incessante. La strada è piena di studenti, lavoratori e turisti che si mescolano in un fiume ininterrotto di persone.

Attraversa il viale principale per raggiungere la fermata dell’autobus. L’attesa non è lunga, ma il tempo sembra dilatarsi mentre osserva il traffico scorrere caotico. Quando l’autobus finalmente arriva, si infila tra la folla, cercando un angolo tranquillo in cui appoggiarsi. I volti stanchi dei passeggeri riflettono la stessa sensazione di affaticamento che prova lei dopo una giornata di studio.

Guardando fuori dal finestrino, vede la città scorrere: palazzi moderni si alternano a edifici storici, i negozi sono pieni di vita, i caffè animati da conversazioni e risate. Il suo quartiere è ancora lontano, ma il viaggio in autobus le concede un momento per riflettere.

Quando finalmente scende alla sua fermata, il ritmo della giornata cambia. Le strade sono meno affollate, il rumore della città più ovattato. Cammina lentamente verso casa, godendosi la familiarità del percorso. Aprendo la porta, si lascia cadere sulla sedia, togliendosi le scarpe con un sospiro di sollievo. La giornata è stata lunga, ma finalmente è nel suo spazio sicuro.
"
AI_sample_9(3),AI,"La giornata scolastica è terminata, e la studentessa esce dall’istituto insieme a una folla di coetanei. La città la circonda con il suo incessante movimento: auto che sfrecciano, biciclette che zigzagano tra i pedoni, lavoratori che camminano di fretta con il telefono all’orecchio.

Attraversa il quartiere scolastico fino alla fermata della metro. Il sottopassaggio è pieno di studenti e lavoratori che tornano a casa. Scende le scale, il suono delle suole che battono sul pavimento si mescola all’eco degli annunci. Il treno arriva, lei si infila in un vagone affollato.

Durante il viaggio, osserva i volti intorno a sé: alcuni leggono, altri ascoltano musica, qualcuno chiude gli occhi per riposarsi. Fuori dal finestrino, la città scorre veloce, alternando scorci di parchi, edifici moderni e vecchie botteghe.

Scende alla sua fermata e si dirige verso casa. Il suo quartiere è più tranquillo, lontano dal caos del centro. I negozi di quartiere chiudono, le luci delle finestre si accendono, i bambini rientrano dopo aver giocato nei cortili.

Arrivata a casa, appoggia lo zaino e si lascia cadere sul divano. Il rumore lontano del traffico si mescola ai suoni domestici. La giornata scolastica è finita, ma la città continua il suo incessante movimento.
"
AI_sample_10(1),AI,"La casa al mare era un piccolo rifugio di felicità. Ogni estate, non appena finiva la scuola, si caricava la macchina fino all’inverosimile e si partiva. I miei genitori erano al volante, mentre i nonni commentavano il paesaggio fuori dal finestrino, raccontando storie di un tempo lontano.

Arrivati a destinazione, il profumo di salsedine ci avvolgeva immediatamente. La casa aveva mura bianche leggermente scrostate dal vento e dall’umidità, persiane verdi che cigolavano con la brezza marina e una veranda dove si trascorrevano i pomeriggi più caldi. Il mare era a pochi passi, il suo suono entrava dalle finestre aperte e ci cullava anche di notte.

Le giornate iniziavano con il profumo del caffè preparato dai nonni e la tavola già apparecchiata per la colazione. Dopo qualche ora sulla spiaggia, si tornava a casa con la pelle salata e i capelli arruffati. Il pranzo era un momento sacro: piatti semplici, ma dal sapore autentico, cucinati con amore.

I pomeriggi passavano tra riposini all’ombra, partite a carte con il nonno e racconti di vita vissuta. La sera, ci si sedeva in veranda ad aspettare la brezza fresca. Il cielo si riempiva di stelle e i racconti si intrecciavano con il rumore delle onde.

Quella casa al mare è un ricordo indelebile, un luogo che non smetterà mai di esistere nel cuore.
"
AI_sample_10(2),AI,"Ogni estate, la casa al mare diventava il centro del mondo. Si partiva con la macchina stracolma, tra valigie, borse frigo e il chiacchiericcio continuo dei nonni, che già pregustavano le giornate di sole e mare.

La casa, semplice e accogliente, aveva il profumo inconfondibile di legno umido e salsedine. Le pareti erano bianche, le finestre sempre aperte per far entrare l’aria marina. I giorni iniziavano con la colazione in veranda, tra il profumo del caffè e il suono delle onde in lontananza.

Le mattinate erano un susseguirsi di corse sulla sabbia e tuffi in mare. I nonni rimanevano sotto l’ombrellone a leggere il giornale o a raccontare storie della loro giovinezza. Il ritorno a casa per il pranzo era accompagnato da un senso di stanchezza piacevole: la tavola imbandita con piatti semplici, ma saporiti, il sapore del basilico, il pane croccante e le chiacchiere lente.

Nel pomeriggio, il tempo rallentava. Si giocava a carte con il nonno, mentre la nonna preparava una merenda con frutta fresca. A volte, si andava a passeggiare fino al porticciolo, osservando le barche che oscillavano leggere.

Le serate erano magiche. Seduti fuori, con il vento che portava il profumo del mare, si rideva, si raccontavano aneddoti e si godeva del semplice piacere di stare insieme. La casa al mare non era solo un luogo, ma un insieme di ricordi, affetti e momenti che ancora oggi fanno battere forte il cuore.
"
AI_sample_10(3),AI,"La casa al mare era il simbolo dell’estate, della spensieratezza e degli affetti più veri. Ogni anno, al primo sguardo, era come ritrovare un vecchio amico: la veranda con le sedie in vimini, il giardino con i gerani e il cancello leggermente arrugginito dal sale.

I giorni iniziavano presto, con il canto dei gabbiani e l’odore del caffè preparato dai nonni. A colazione, il tavolo era pieno di cose buone: fette di pane con marmellata fatta in casa, biscotti croccanti e il sorriso di chi non aveva fretta.

Si passava la mattina in spiaggia, tra castelli di sabbia e bagni interminabili. I nonni restavano seduti all’ombra, osservando con occhi pieni d’amore. Quando il sole diventava troppo forte, si tornava a casa per il pranzo, un momento sacro, tra risate, racconti e piatti semplici che sapevano di casa.

I pomeriggi avevano un ritmo più lento: il fruscio delle tende mosse dal vento, il rumore delle carte da gioco, il sonnellino del nonno sulla sdraio. A volte, si passeggiava lungo il litorale, raccogliendo conchiglie e osservando le onde.

Le serate erano un incanto. Si cenava all’aperto, con la brezza leggera che rinfrescava la pelle. Dopo cena, si restava a chiacchierare sotto un cielo trapunto di stelle, mentre il mare continuava a raccontare la sua storia con il dolce suono delle onde.

Quella casa è ancora lì, nei ricordi più belli, nelle emozioni che il tempo non può cancellare.
"
AI_sample_11(1),AI,"Il giorno della laurea al Conservatorio è arrivato. Dopo anni di dedizione, studio e sacrifici, la studentessa si trova davanti alla porta dell’auditorium, pronta a esibirsi per l’ultima volta come allieva. Il cuore batte forte mentre il pubblico prende posto e la commissione osserva con sguardo attento.

Quando il suo nome viene annunciato, si avvicina al pianoforte. Le dita sfiorano i tasti e le prime note riempiono la sala. La tensione iniziale si dissolve lentamente, lasciando spazio a un’esecuzione fluida e intensa. Ogni nota racchiude anni di fatica, di notti insonni passate a perfezionare ogni passaggio tecnico, ogni sfumatura espressiva.

Al termine dell’esecuzione, il silenzio della sala è interrotto da un applauso caloroso. Il presidente della commissione le sorride mentre le comunica il risultato: ha conseguito la laurea con il massimo dei voti. Il peso degli anni di studio si scioglie in un’emozione incontenibile.

Fuori dalla sala, amici e familiari la aspettano con fiori e abbracci. È il coronamento di un percorso intenso, fatto di sacrifici e passione. Ora, davanti a lei, si apre un nuovo capitolo. La laurea non è un traguardo, ma l’inizio di una vita musicale tutta da costruire.
"
AI_sample_11(2),AI,"Dopo anni di studio, il giorno della laurea al Conservatorio è finalmente arrivato. Il cuore della studentessa è colmo di emozione mentre attraversa i corridoi che per anni hanno risuonato delle sue note. L’aula di discussione è gremita: professori, colleghi e familiari sono lì per assistere all’ultimo passo di questo viaggio musicale.

La sua tesi verte sull’interpretazione romantica del pianoforte, un argomento che l’ha affascinata fin dal primo anno. Parla con passione, illustrando le sue ricerche e dimostrando quanto sia cresciuta come musicista e studiosa. La commissione ascolta con attenzione, intervenendo con domande puntuali.

Conclusa la discussione, il presidente annuncia il verdetto: laurea con lode. Il cuore della studentessa si riempie di gioia mentre gli applausi risuonano nella sala. Anni di sacrifici, di ore trascorse al pianoforte, di tensioni prima dei concerti trovano finalmente il loro significato in quel momento.

Fuori, la città sembra più luminosa. Amici e familiari la circondano con fiori e abbracci. Il Conservatorio è stato casa, rifugio e palestra di vita. Ora è tempo di guardare avanti, di trasformare la passione in professione. Il sogno di una carriera musicale è più vicino che mai.
"
AI_sample_11(3),AI,"La sala del Conservatorio è avvolta da un silenzio solenne. La studentessa, vestita elegantemente, prende posto davanti alla commissione. È il giorno della laurea, il momento che segna la fine di un percorso intenso e l’inizio di un nuovo viaggio.

Il suo strumento, compagno di anni di studio, è lì con lei. L’ultima esecuzione come studentessa inizia. Le mani scorrono sicure, trasmettendo emozione e maestria. Ogni nota racconta una storia fatta di impegno, di notti insonni, di prove ripetute all’infinito. Il Conservatorio le ha insegnato disciplina, sensibilità, il valore della musica come linguaggio universale.

Terminata l’esecuzione, la discussione della tesi inizia. La voce della studentessa è sicura, il suo sguardo determinato. La commissione approva con soddisfazione. “Laureata con merito”, annunciano. Gli applausi esplodono nella sala.

Uscendo, trova i suoi cari ad attenderla. Fiori, abbracci, sorrisi. Il Conservatorio resterà sempre un pezzo di casa, ma ora il palco del mondo l’attende. Con il diploma in mano e il cuore pieno di emozione, sa che questo è solo l’inizio di un’avventura ancora più grande.
"
AI_sample_12(1),AI,"Durante il congresso, la mente della ricercatrice è altrove. Controlla il telefono di continuo, aspettando l’esito di una selezione importante. Gli applausi riempiono la sala, ma lei sente solo il battito accelerato del suo cuore. Poi, una vibrazione improvvisa. Respira profondamente prima di leggere il messaggio che potrebbe cambiare tutto."
AI_sample_12(2),AI,"Seduta tra colleghi, la dottoressa ascolta la conferenza, ma i suoi pensieri vagano. L’attesa di una risposta decisiva la tiene in tensione. Ogni suono di notifica la fa sobbalzare. Cerca di concentrarsi, ma l’ansia cresce. Quando il telefono finalmente si illumina, il tempo sembra fermarsi: è il momento della verità."
AI_sample_12(3),AI,"Le parole del relatore scorrono, ma per lui il tempo sembra essersi fermato. In attesa di una notizia che potrebbe ridefinire il suo futuro, guarda l’orologio, controlla il telefono, cerca distrazioni. L’attesa diventa insopportabile. Poi, un’email arriva. Con un respiro profondo, apre lo schermo e legge le parole che attendeva."
AI_sample_13(1),AI,"Nel mezzo del conflitto, una piccola scuola abbandonata era diventata un rifugio per decine di famiglie in fuga. Ogni giorno, la volontaria percorreva strade distrutte per portare cibo, medicinali e parole di conforto. Il suo compito non era solo distribuire aiuti, ma anche offrire speranza a chi aveva perso tutto.

Una sera, mentre distribuiva coperte ai bambini, incontrò una madre che teneva stretto il figlio addormentato. Con voce tremante, le raccontò di aver camminato per giorni sotto i bombardamenti per arrivare lì. La volontaria le prese la mano, promettendole che non erano sole.

Ogni giorno era una sfida: mancanza di risorse, paura degli attacchi, il peso emotivo delle storie ascoltate. Ma c’erano anche momenti di luce: il sorriso di un bambino mentre riceveva un pasto caldo, il grazie sussurrato da un anziano.

L’aiuto ai rifugiati non era solo un dovere, ma un atto di umanità. La volontaria sapeva che la guerra avrebbe lasciato cicatrici profonde, ma anche che ogni gesto di solidarietà poteva fare la differenza. E così, nonostante la fatica e la paura, continuava, giorno dopo giorno, a offrire la sua mano a chi ne aveva bisogno.
"
AI_sample_13(2),AI,"Quando la guerra esplose, il giovane medico sapeva che non poteva restare a guardare. Si unì a un’organizzazione umanitaria e fu inviato in un centro di accoglienza per rifugiati al confine. Appena arrivato, fu travolto da volti segnati dalla paura e dalla fatica del viaggio.

Ogni giorno visitava centinaia di persone: bambini con febbre alta, anziani debilitati, madri con neonati nati durante la fuga. Tra loro, una ragazza di diciassette anni, incinta, fuggita da una città bombardata. Con dolcezza, il medico le promise che sarebbe stata al sicuro e che avrebbe ricevuto le cure necessarie.

Non era solo un lavoro, era un impegno morale. Tra le tende del campo, si creavano legami invisibili: chi donava un pezzo di pane a un altro, chi condivideva una storia, chi abbracciava un estraneo per trovare conforto.

Le notti erano difficili, segnate dai ricordi dei racconti ascoltati. Ma ogni mattina, il medico si alzava sapendo che il suo aiuto era essenziale. Nel dolore della guerra, trovava la forza nella resilienza di chi, pur avendo perso tutto, continuava a sperare. E lui, con le sue cure e il suo ascolto, faceva la sua parte per restituire dignità e umanità.
"
AI_sample_13(3),AI,"La stazione ferroviaria era colma di rifugiati. Uomini, donne e bambini stringevano poche valigie e sguardi smarriti. Tra loro, un giovane volontario distribuiva acqua e cibo. Era arrivato lì per aiutare senza sapere cosa aspettarsi, ma presto capì che il suo ruolo andava oltre la semplice distribuzione di beni.

Una sera, una bambina di sei anni si aggrappò alla sua giacca. Non parlava la sua lingua, ma nei suoi occhi si leggeva tutto il terrore della fuga. Con un sorriso rassicurante, il volontario le porse una coperta. Poco dopo, la madre della bambina si avvicinò e, con voce rotta, sussurrò un semplice “grazie”.

Ogni giornata era un turbinio di emozioni: la gioia di vedere una famiglia riunita, la tristezza di chi ancora cercava un posto sicuro, la frustrazione per le risorse che non bastavano mai.

Eppure, nel caos della guerra, l’umanità non si spegneva. Il volontario si rese conto che, anche se non poteva cambiare il destino di tutti, poteva offrire conforto, un sorriso, un gesto di solidarietà. In un mondo in frantumi, anche la più piccola luce di speranza poteva fare la differenza.
"
AI_sample_14(1),AI,"In una piazza affollata, tra il brusio della gente e le luci scintillanti, lui si inginocchiò. Il cuore le batté forte mentre il mondo sembrava fermarsi. Con voce tremante, pronunciò quelle parole tanto attese: “Vuoi sposarmi?” Un istante di silenzio, poi gli occhi lucidi di lei si illuminarono. “Sì!” esclamò, tra gli applausi dei passanti. Un anello scintillò sotto i lampioni, suggellando un momento che sarebbe rimasto impresso nei loro cuori per sempre."
AI_sample_14(2),AI,"Durante una cena romantica, lui prese improvvisamente la parola. Gli occhi di lei si spalancarono quando lo vide alzarsi, un piccolo astuccio tra le mani. “Da quando ti ho incontrata, la mia vita è cambiata. Vuoi sposarmi?” Il ristorante si fece silenzioso, gli sguardi puntati su di loro. Con un sorriso emozionato e le lacrime agli occhi, lei annuì. Gli applausi riempirono la sala, mentre l’anello scivolava delicatamente sul suo dito tremante."
AI_sample_14(3),AI,"Sotto un cielo stellato, circondati dagli amici più cari, lui si inginocchiò. Una scritta luminosa si accese alle loro spalle: “Mi vuoi sposare?” Lei portò le mani alla bocca, incredula, mentre il cuore le batteva all’impazzata. Gli occhi pieni di lacrime incontrarono i suoi. “Sì!” rispose, appena in tempo per essere avvolta in un abbraccio. I fuochi d’artificio esplosero nel cielo, celebrando l’inizio di un nuovo capitolo della loro vita insieme."
AI_sample_15(1),AI,"Crescendo in una piccola via di periferia, ogni angolo era un pezzo della mia infanzia. La strada era stretta, con palazzi bassi e negozi di quartiere. I bambini giocavano a pallone tra le auto parcheggiate, mentre le anziane signore si scambiavano chiacchiere dai balconi fioriti. Il profumo del pane appena sfornato si mescolava all’odore dell’asfalto bagnato dopo un temporale estivo.

Ogni giorno, il lattaio passava con il suo furgoncino, salutando tutti con un cenno della mano. Il bar all’angolo era il ritrovo degli adulti, dove si parlava di calcio e politica davanti a un caffè. La sera, le luci dei lampioni creavano un’atmosfera familiare, illuminando le voci allegre che rimbalzavano tra i muri.

Crescendo, la via sembrava cambiare. Nuovi volti, nuove attività, ma l’anima rimaneva la stessa. Tornare, dopo anni di lontananza, significava ritrovare pezzi di sé stessi: il negozio di alimentari dove compravo le caramelle, la panchina su cui sedevo con gli amici a parlare di sogni e speranze.

Quella via non era solo un luogo, ma una parte della mia storia. Ogni passo su quei marciapiedi riportava alla mente ricordi indelebili, legati a un tempo che, sebbene passato, rimaneva vivo in ogni pietra e sorriso familiare.
"
AI_sample_15(2),AI,"Vivere in una via del centro città significava essere costantemente immersi nel movimento. Di giorno, il via vai di persone era incessante: lavoratori frettolosi, turisti con le macchine fotografiche, studenti con gli zaini pesanti. Le vetrine dei negozi riflettevano i volti di chi passava, mentre i venditori ambulanti richiamavano i clienti con voci squillanti.

Il mattino aveva il suono delle serrande che si alzavano e delle biciclette che sfrecciavano sui marciapiedi. Il pomeriggio era un continuo intreccio di suoni: chiacchiere, clacson, il suono delle campane della chiesa poco distante. Ma era la sera il momento più magico. Le luci delle insegne illuminavano la strada, i ristoranti si riempivano, e il profumo delle cucine si mescolava all’aria fresca.

Ogni giorno sembrava uguale, eppure ogni giorno aveva qualcosa di diverso. Un nuovo artista di strada che suonava all’angolo, una vetrina rinnovata, una coppia che si fermava sotto un lampione a scambiarsi un bacio furtivo.

Vivere lì significava essere parte di un grande organismo in continuo cambiamento. Anche nel cuore della notte, la città non dormiva mai del tutto. Una via così era più di un semplice luogo di passaggio: era un microcosmo di storie, di incontri e di vite intrecciate.
"
AI_sample_15(3),AI,"La mia via era diversa dalle altre. Lontana dal traffico cittadino, era un angolo di tranquillità. Le case basse, con i loro giardini ben curati, sembravano osservare il passaggio lento dei pochi abitanti. Il tempo scorreva più lentamente lì, scandito dal canto degli uccelli e dal suono lontano di una radio accesa in qualche finestra.

I bambini giocavano nei cortili, lontani dal pericolo delle strade trafficate. Ogni tanto, si sentiva il suono di una bicicletta che sfrecciava, con il campanello che annunciava il suo arrivo. Il pomeriggio era il momento perfetto per una passeggiata, salutando i vicini affacciati alle finestre.

La sera, la strada si avvolgeva in un silenzio quasi irreale. Poche luci rimanevano accese, e il cielo stellato si rifletteva sulle finestre. Passeggiare lì significava godere di una pace che era sempre più rara nelle città moderne.

Ma ciò che rendeva quella via speciale non era solo la sua tranquillità, bensì il senso di comunità che la abitava. Ogni porta aperta era un invito, ogni volto era familiare. In un mondo che sembrava correre sempre più veloce, quella strada era un rifugio, un luogo dove il tempo poteva ancora essere vissuto con calma e serenità.
"
AI_sample_16(1),AI,"Quando il telefono squillò quella mattina, seppi subito che qualcosa non andava. La voce dall’altro capo era spezzata, le parole uscivano a fatica: “Se n’è andato.” Il mondo attorno a me si fermò. Il tempo si dilatò, e un silenzio assordante prese il posto di ogni pensiero.

Arrivare in quella casa vuota fu surreale. Ogni angolo parlava di lui: la poltrona in cui sedeva, il libro lasciato aperto sul tavolo, l’orologio fermo all’ora esatta della sua partenza. Il dolore era ovunque, ma anche i ricordi.

Nel caos del lutto, trovai conforto nel rivivere i momenti passati insieme. La sua assenza era incolmabile, ma dentro di me sapevo che una parte di lui sarebbe rimasta per sempre.
"
AI_sample_16(2),AI,"La stanza dell’ospedale era fredda, riempita solo dal suono ritmico dei macchinari. Lo tenevo per mano, cercando di trattenere le lacrime. Gli occhi stanchi mi guardavano con dolcezza, come se volessero rassicurarmi. “Va tutto bene,” sussurrò debolmente.

Ma non era vero. Lo sapevamo entrambi. Quando la sua mano si rilassò nella mia, il mondo sembrò sgretolarsi. Il dolore fu immediato, crudo, insopportabile. La sua assenza era un vuoto che non sapevo come colmare.

Tornando a casa, il tempo sembrava irreale. Ogni angolo della casa portava il suo segno. Anche nel dolore, sapevo che l’amore che ci aveva uniti non sarebbe mai svanito. Nel ricordo, avrei trovato la forza di andare avanti.
"
AI_sample_16(3),AI,"Perdere una persona cara è come perdere una parte di sé. Quando mio nonno se ne andò, sentii un vuoto dentro che nessuna parola poteva colmare. Ogni oggetto della sua casa sembrava raccontare una storia: la vecchia radio su cui ascoltava la musica, la sua giacca appesa dietro la porta, il profumo del caffè che non avrei più sentito.

Nei giorni seguenti, il dolore si mescolò ai ricordi. Rivedevo i pomeriggi passati insieme, le sue risate, i suoi consigli saggi. Il lutto non spariva, ma con il tempo capii che il suo amore continuava a vivere dentro di me.

La morte aveva portato via il suo corpo, ma non ciò che mi aveva insegnato. E in questo, trovai conforto.
"
AI_sample_17(1),AI,"L’ingresso nel nuovo appartamento segnava l’inizio di una nuova avventura. Dopo mesi di preparativi, finalmente eravamo lì, in una città straniera, con valigie piene di sogni e un’energia incontenibile. L’androne del palazzo aveva un odore strano, una miscela di umidità e detersivo, mentre l’ascensore cigolava sotto il peso delle nostre scatole.

Quando aprimmo la porta, un senso di eccitazione si mescolò all’incertezza. L’appartamento era più piccolo di quanto immaginassimo, con mobili spartani e un pavimento che scricchiolava a ogni passo. Le finestre davano su un cortile interno, dove le voci dei vicini riempivano l’aria di suoni sconosciuti.

Posammo i bagagli e iniziammo subito a esplorare: una cucina minuscola, un soggiorno con divani vissuti e camere che sarebbero diventate il nostro rifugio. Ridendo, scegliemmo i letti e iniziammo a sistemare le nostre cose, cercando di dare un tocco personale a quelle stanze ancora spoglie.

La sera, esausti ma felici, ci sedemmo sul pavimento con una pizza presa d’asporto. Guardandoci negli occhi, capimmo che quel piccolo appartamento sarebbe stato la nostra casa, il luogo dove avremmo costruito ricordi indimenticabili. Eravamo soli in una città straniera, ma insieme, pronti a vivere ogni nuova sfida.
"
AI_sample_17(2),AI,"La prima volta che varcammo la soglia del nostro nuovo appartamento, un misto di entusiasmo e incertezza ci avvolse. Eravamo in una città straniera, con poche certezze ma tanta voglia di iniziare. Il corridoio era lungo e stretto, con pareti bianche spoglie e il pavimento di legno che scricchiolava.

Gli scatoloni erano ovunque, simbolo di un trasloco ancora da completare. Dividemmo le stanze con il metodo più democratico possibile: una battaglia di sasso, carta, forbice. Risate riempirono subito l’aria, trasformando la tensione iniziale in pura euforia.

La cucina era piccola ma accogliente, e nel frigorifero c’erano solo acqua e qualche snack. Decidemmo di uscire per comprare il necessario, scoprendo così il quartiere. I vicoli pieni di vita, le insegne luminose dei negozi, l’odore del pane appena sfornato: tutto sembrava nuovo e affascinante.

Tornati a casa, improvvisammo una cena con quello che avevamo trovato al supermercato. Seduti per terra, tra scatole e valigie ancora da aprire, realizzammo che quella era la nostra nuova realtà. Non era solo un appartamento, era il punto di partenza di un’avventura incredibile, fatta di amicizie, esperienze e momenti che avremmo ricordato per sempre.
"
AI_sample_17(3),AI,"Quando la porta si aprì, un’ondata di emozione attraversò il gruppo. Dopo mesi di ricerca, finalmente avevamo il nostro appartamento in una città straniera. Era vuoto, freddo, con le pareti spoglie e un odore di vernice fresca che ci faceva capire quanto fosse nuovo per tutti.

Le stanze erano piccole ma luminose. I letti ancora da montare, il soggiorno quasi inesistente, e la cucina con appena il minimo indispensabile. Ma nulla di tutto questo ci importava davvero. Eravamo lì, insieme, pronti a riempire quello spazio con le nostre vite.

Passammo il pomeriggio a sistemare valigie e a immaginare come arredare il soggiorno. Un divano? Un tavolino? Una lampada presa al mercatino dell’usato? Tutto sarebbe arrivato col tempo.

La sera decidemmo di festeggiare con una cena improvvisata. Seduti sul pavimento, con bicchieri di plastica e cibo da asporto, brindammo alla nostra nuova casa. Guardandoci intorno, capimmo che, nonostante le pareti ancora vuote, quello era già un luogo speciale.

Fuori la città si accendeva di luci e suoni, ma dentro di noi c’era la certezza di aver fatto il primo passo verso un’esperienza che avrebbe cambiato le nostre vite. Quel piccolo appartamento sarebbe presto diventato la nostra casa, piena di storie da raccontare.
"
AI_sample_18(1),AI,"Ogni viaggio non è solo un movimento nello spazio, ma anche un ritorno nei luoghi della memoria. Ogni passo su una strada sconosciuta può evocare frammenti di esperienze passate, dettagli impressi nella mente e mai del tutto svaniti. Viaggiare attraverso la memoria significa riscoprire emozioni, rielaborare ricordi, dare nuovo senso a ciò che è stato.

A volte, una città mai visitata sembra stranamente familiare. Una piazza, un profumo nell’aria, il suono di una lingua diversa possono risvegliare sensazioni dormienti, riportando alla luce episodi che credevamo dimenticati. Il viaggio diventa così un percorso interiore, una continua riscoperta di sé stessi attraverso il confronto con il passato.

Ci sono viaggi che ci riportano in luoghi conosciuti, ma ci mostrano una realtà diversa. Tornare in una città d’infanzia, osservare le strade con occhi maturi, rende evidente il mutamento: non è solo il luogo a essere cambiato, ma anche noi. Il viaggio attraverso la memoria ci insegna che il tempo scorre, ma lascia tracce profonde.

Alla fine, ogni viaggio è un dialogo tra presente e passato. Le esperienze vissute, anche se apparentemente lontane, riaffiorano quando meno ce lo aspettiamo, trasformando ogni destinazione in una tappa di un percorso più grande: quello della nostra esistenza.
"
AI_sample_18(2),AI,"Viaggiare non significa solo percorrere chilometri, ma anche esplorare il tempo attraverso la memoria. Ogni luogo visitato porta con sé tracce di storie vissute, non solo della nostra esistenza, ma anche di coloro che ci hanno preceduto. La memoria diventa una bussola che guida il nostro sguardo, rendendo ogni viaggio un’esperienza personale e irripetibile.

A volte, i luoghi visitati ci ricordano persone, momenti, emozioni che credevamo lontani. Una via acciottolata può riportare alla mente una passeggiata fatta anni prima, un vecchio caffè può evocare un incontro significativo. Il viaggio diventa così un ponte tra epoche diverse della nostra vita, un modo per riannodare fili invisibili che legano passato e presente.

Ma la memoria è anche un modo per viaggiare senza muoversi. Rievocare un’esperienza trascorsa, rivivere la sensazione di un tramonto osservato da un’altra parte del mondo, significa dare al ricordo un potere straordinario: quello di proiettare l’anima oltre il tempo e lo spazio.

Ogni viaggio, quindi, non è solo uno spostamento, ma una continua rilettura della propria esistenza. Attraverso la memoria, costruiamo nuovi significati, trasformando ogni luogo in una tappa di un cammino che non ha mai una vera fine.
"
AI_sample_18(3),AI,"Ogni viaggio è un ritorno a qualcosa che esiste già dentro di noi. Anche quando esploriamo luoghi sconosciuti, la nostra mente li collega a frammenti di passato, a sensazioni vissute, a emozioni custodite nella memoria. Il viaggio, quindi, non è mai solo fisico, ma è soprattutto un movimento interiore.

Quando camminiamo per una strada straniera, spesso ci sorprende un senso di déjà vu. Un profumo, un’ombra proiettata sul muro, il suono lontano di una melodia ci riportano istantaneamente a un ricordo sepolto. È come se i luoghi non fossero solo spazi, ma anche archivi di memoria personale.

Ci sono momenti in cui il viaggio si trasforma in riflessione: osserviamo un tramonto in un paese lontano e sentiamo il peso di tutti i tramonti che abbiamo vissuto. Ogni esperienza accumulata nel tempo riaffiora, sovrapponendosi al presente, rendendo il viaggio un continuo dialogo tra ciò che è stato e ciò che è ora.

Alla fine, viaggiare attraverso la memoria significa accettare che il tempo non cancella, ma trasforma. Ogni ricordo è una mappa interiore, ogni nuova esperienza un tassello che arricchisce il nostro percorso esistenziale. La meta non è mai un luogo preciso, ma la consapevolezza che ogni passo ci definisce e ci racconta.
"
AI_sample_19(1),AI,
AI_sample_19(2),AI,
AI_sample_19(3),AI,
AI_sample_20(1),AI,
AI_sample_20(2),AI,
AI_sample_20(3),AI,
AI_sample_21(1),AI,"Il giorno delle nozze è stato un sogno diventato realtà. Gli sguardi emozionati, le promesse sussurrate, gli applausi gioiosi. Ogni dettaglio, dal profumo dei fiori alla luce dorata del tramonto, ha reso quel momento indimenticabile. Un nuovo capitolo iniziava, scritto insieme."
AI_sample_21(2),AI,"Ci siamo guardati negli occhi, le mani intrecciate, il cuore che batteva forte. Il “sì” pronunciato davanti a tutti ha segnato l’inizio della nostra vita insieme. Tra sorrisi, lacrime di gioia e brindisi, sapevamo che quel giorno sarebbe rimasto nel cuore per sempre."
AI_sample_21(3),AI,"Le nostre nozze sono state un inno all’amore. Tra amici e parenti, ci siamo scambiati promesse eterne, circondati da affetto e felicità. Ogni istante, dal primo ballo all’ultimo brindisi, ha scolpito ricordi indelebili. Un viaggio iniziava, fatto di sogni e complicità."
AI_sample_22(1),AI,"Seduto nella sala d’attesa, il cuore batteva forte. Era il mio primo colloquio di lavoro e l’agitazione cresceva a ogni minuto. Studiavo nervosamente il curriculum tra le mani, ripassando mentalmente le possibili risposte alle domande più comuni.

Quando il selezionatore mi chiamò, presi un respiro profondo ed entrai. La stanza era luminosa, con una grande scrivania e sedie minimaliste. Dopo una stretta di mano, il responsabile mi chiese di parlare di me. Cercai di mantenere la voce ferma, raccontando del mio percorso di studi e delle esperienze che, seppur limitate, avevano contribuito alla mia crescita.

Le domande si susseguirono rapide: “Perché vuoi lavorare qui?”, “Quali sono i tuoi punti di forza?”. Cercai di rispondere con sicurezza, enfatizzando la mia voglia di imparare.

Dopo mezz’ora, il colloquio terminò. Uscii con un senso di sollievo, ma anche di incertezza. Avevo fatto del mio meglio. Ora non restava che aspettare il verdetto e sperare in un nuovo inizio.
"
AI_sample_22(2),AI,"Varcai la soglia dell’ufficio con un misto di emozione e ansia. Era il mio primo colloquio di lavoro e non sapevo cosa aspettarmi. La segretaria mi fece accomodare in una sala d’attesa silenziosa, dove il ticchettio dell’orologio sembrava scandire il tempo più lentamente.

Dopo pochi minuti, fui chiamato. Il selezionatore mi accolse con un sorriso e un’occhiata veloce al mio curriculum. “Parlami di te,” disse. Presi fiato e iniziai a raccontare il mio percorso, cercando di non sembrare troppo insicuro.

Mi furono fatte domande sui miei obiettivi e su come affrontavo le difficoltà. Alcune risposte vennero spontanee, altre richiesero qualche secondo di riflessione.

Alla fine del colloquio, mi venne detto che avrei ricevuto una risposta nei giorni successivi. Uscendo dall’ufficio, sentii un mix di sollievo e dubbio. Avevo fatto abbastanza? Potevo rispondere meglio? Qualunque fosse il risultato, sapevo di aver compiuto un passo importante."
AI_sample_22(3),AI,"Il giorno del colloquio arrivò più in fretta di quanto avessi immaginato. Mi ero preparato per giorni, leggendo informazioni sull’azienda e provando risposte davanti allo specchio. Eppure, mentre aspettavo di essere chiamato, un senso di insicurezza si fece strada dentro di me.

Entrai nella stanza con un sorriso forzato. L’intervistatore, un uomo sulla quarantina, sfogliava il mio curriculum. “Allora, cosa ti ha spinto a candidarti per questa posizione?” domandò con tono neutro. Cercai di rispondere con entusiasmo, sottolineando la mia voglia di apprendere e mettermi in gioco.

Mi chiesero dei miei punti di forza e delle mie debolezze. Cercai di essere sincero senza sembrare troppo insicuro. Quando mi venne chiesto di descrivere una situazione difficile che avevo affrontato, raccontai di un progetto universitario complesso, spiegando come lo avevo gestito.

Alla fine, il selezionatore sorrise. “Grazie per il tuo tempo, ti faremo sapere.” Uscii dall’ufficio sapendo che, comunque fosse andata, avevo fatto un’esperienza importante.
"
AI_sample_23(1),AI,"L’attesa sembrava infinita. Le ore trascorrevano lente nella sala parto, scandite dal battito regolare del monitor e dai respiri profondi di mia moglie. Ogni contrazione ci avvicinava sempre di più al momento tanto atteso. Stringevo la sua mano, cercando di trasmetterle forza, mentre dentro di me l’emozione si mescolava alla paura.

Poi, all’improvviso, tutto accadde in pochi istanti. Un vagito riempì la stanza, spezzando il silenzio carico di tensione. Il nostro bambino era nato. Il cuore mi batté forte mentre osservavo quell’essere minuscolo, avvolto in una coperta, con il viso ancora arrossato. Quando l’ostetrica me lo porse, sentii un nodo in gola.

Lo guardai negli occhi per la prima volta. Erano piccoli, socchiusi, ma pieni di vita. Sentii il suo calore sulla mia pelle e capii che nulla sarebbe mai stato più importante di quel momento. Il mondo intero sembrava svanito: c’eravamo solo noi, avvolti in un abbraccio senza tempo.

Quel primo respiro, quel primo contatto, segnarono l’inizio di una nuova esistenza, non solo per lui, ma anche per noi. Da quel giorno, nulla sarebbe stato più lo stesso. Avevamo dato vita a qualcosa di meraviglioso, e da quel momento in poi, il nostro amore avrebbe avuto un nuovo significato.
"
AI_sample_23(2),AI,"Era una notte d’inverno quando sentimmo la prima contrazione. Il viaggio verso l’ospedale fu un misto di emozione e tensione. Il tempo sembrava sospeso, come se l’universo stesso stesse trattenendo il fiato in attesa di quel momento.

Le ore in sala parto passarono tra parole sussurrate, carezze leggere e un’incredibile sensazione di attesa. Poi, finalmente, il pianto di nostro figlio riempì la stanza. Un suono così piccolo, eppure così potente da sciogliere ogni timore.

Quando il medico lo adagiò tra le braccia di mia moglie, tutto il mondo esterno smise di esistere. I suoi occhi erano ancora chiusi, la pelle morbida, il respiro lieve e delicato. Guardandolo, sentii un amore che non avevo mai conosciuto prima.

L’istante in cui lo presi tra le mani per la prima volta fu indescrivibile. Il suo calore, il suo profumo, il modo in cui le sue minuscole dita si aggrapparono al mio dito… tutto parlava di vita, di un nuovo inizio.

Quella notte, sotto la luce soffusa della stanza, diventammo genitori. Non esistevano più solo due persone, ma una famiglia. La nascita di nostro figlio segnò il primo capitolo di una storia meravigliosa, la nostra storia.
"
AI_sample_23(3),AI,"Dopo nove mesi di attesa, il momento era finalmente arrivato. Ogni singolo giorno passato a immaginare il volto di nostro figlio, a sentire i suoi movimenti nel ventre di mia moglie, culminava in quell’attimo.

Le ore in ospedale furono un vortice di emozioni: ansia, speranza, amore. E poi, finalmente, il primo vagito. Un suono fragile e puro, che riempì la stanza di vita. Guardai mia moglie, esausta ma raggiante, con nostro figlio tra le braccia.

Mi avvicinai lentamente, come se avessi paura di interrompere quel momento sacro. Quando lo vidi da vicino, mi resi conto di quanto fosse piccolo e perfetto. Il nasino delicato, le mani minuscole, il petto che si sollevava piano con ogni respiro.

Lo presi tra le braccia e sentii il peso più dolce che avessi mai portato. Le sue dita si strinsero intorno al mio pollice, come a dire: “Sono qui”. In quell’istante, tutto il resto del mondo smise di esistere.

La nascita di nostro figlio non fu solo il suo primo giorno di vita, ma anche l’inizio di una nuova versione di noi stessi. Da quel momento, ogni cosa avrebbe avuto un senso nuovo, più profondo. Perché lui era il nostro futuro, la nostra gioia, il nostro amore fatto vita.
"
AI_sample_24(1),AI,"Quando il telefono squillò quella mattina, sentii subito che qualcosa non andava. La voce di mia madre era spezzata, tremante. ""È andato via,"" disse, e il mondo attorno a me sembrò fermarsi. Mio nonno, il pilastro della nostra famiglia, non c'era più.

Il viaggio verso casa fu lungo, pieno di silenzi e ricordi. Rivedevo i pomeriggi trascorsi insieme, le sue storie raccontate con quella voce calda e rassicurante. Ricordavo il suo sorriso gentile, il profumo della sua giacca, il modo in cui stringeva le mie mani da bambino.

Arrivato alla sua casa, tutto sembrava immobile, sospeso nel tempo. La sua poltrona era vuota, il giornale piegato sul tavolo, la radio spenta. Ogni angolo parlava di lui, eppure lui non c’era più.

Durante il funerale, le lacrime si mescolavano ai sorrisi malinconici mentre tutti raccontavano aneddoti su di lui. Era stato un uomo forte, generoso, con una saggezza che aveva segnato ognuno di noi.

Ora resta solo il ricordo, impresso nelle fotografie, nelle lettere scritte con la sua calligrafia elegante, nelle piccole cose quotidiane che ancora portano il suo segno. Anche se non è più qui, il suo insegnamento e il suo amore continueranno a vivere dentro di me, guidandomi nei momenti difficili.
"
AI_sample_24(2),AI,"Mio nonno era sempre stato lì, come una presenza costante nella mia vita. La sua voce profonda raccontava storie del passato, le sue mani rugose sapevano costruire e aggiustare qualsiasi cosa. Era la saggezza fatta persona, la sicurezza che avrei sempre trovato un rifugio nella sua casa.

Poi, un giorno, tutto cambiò. La malattia lo portò via lentamente, lasciandoci impotenti di fronte al tempo che scorreva troppo veloce. Quando ricevetti la notizia della sua morte, il dolore fu silenzioso, quasi irreale. Non riuscivo a immaginare il mondo senza di lui.

Al funerale, guardavo la bara senza riuscire a realizzare. Attorno a me, parenti e amici si stringevano nel dolore condiviso. Ogni parola di conforto sembrava insufficiente, ogni abbraccio incapace di colmare il vuoto che sentivo dentro.

Tornando a casa, entrai nella sua stanza. Il suo orologio era ancora sul comodino, la sua coperta piegata con cura sul letto. Tutto parlava di lui, eppure lui non c’era più.

Col tempo, ho imparato ad accettare la sua assenza. Non passa giorno senza pensarlo, senza sentire il bisogno di raccontargli qualcosa. Ma so che, in qualche modo, lui è ancora qui, nei gesti che mi ha insegnato, nelle lezioni che mi ha lasciato, nell’amore che continua a vivere attraverso di noi.
"
AI_sample_24(3),AI,"Il giorno in cui mio nonno se ne andò, il cielo era grigio, come se la natura stessa sentisse la sua mancanza. Il silenzio riempiva la casa, interrotto solo dal respiro profondo dei familiari che cercavano di trattenere le lacrime.

Non avevo mai conosciuto un dolore così intenso. Lui era stato il mio maestro di vita, il custode dei miei segreti da bambino, colui che mi insegnava a non arrendermi mai. Aveva mani forti, occhi saggi, e un cuore grande.

Nei giorni seguenti, tutto sembrava irreale. Mi aspettavo ancora di vederlo seduto in veranda, con la sua tazza di tè e il suo sguardo sereno. Ma la sua sedia restava vuota, la sua voce solo un’eco nella memoria.

Al funerale, le parole sembravano inutili. Ognuno di noi portava con sé un pezzo di lui, un ricordo speciale che lo avrebbe tenuto vivo dentro di noi.

Ora, quando il vento soffia tra gli alberi, mi piace pensare che sia lui a parlarmi, a dirmi di essere forte. La sua assenza è un vuoto che non si colmerà mai, ma il suo amore, la sua saggezza e i suoi insegnamenti continueranno a vivere attraverso di me. Non lo vedo più, ma so che non mi ha mai lasciato davvero.
"
AI_sample_25(1),AI,"Fin da bambino avevo sognato quel momento: varcare i cancelli di uno stadio gremito, sentire l’energia della folla e vivere il calcio dal vivo. Quel giorno era finalmente arrivato. Con il biglietto stretto tra le mani e il cuore che batteva forte, attraversai i tornelli e mi ritrovai immerso in un mare di colori e suoni.

La prima cosa che mi colpì fu il boato della folla. Migliaia di persone intonavano cori a squarciagola, battendo le mani all’unisono. L’odore dei panini, delle bandiere che sventolavano nell’aria, tutto contribuiva a rendere l’atmosfera unica.

Quando salii i gradini e vidi il campo illuminato dai riflettori, rimasi senza fiato. Il verde del prato era perfetto, le linee bianche nitide, i giocatori che si scaldavano a bordo campo sembravano eroi pronti alla battaglia.

Il fischio d’inizio arrivò quasi inaspettato. Il pallone si mosse e l’intero stadio vibrò. Ogni azione, ogni tiro, ogni fallo era vissuto con una passione travolgente. Quando la mia squadra segnò, il boato fu assordante e mi ritrovai ad abbracciare sconosciuti, uniti da un’unica emozione.

Quel giorno capii che il calcio non era solo uno sport, ma un’esperienza capace di unire le persone in un’unica, indimenticabile passione.
"
AI_sample_25(2),AI,"L’attesa era stata lunga, ma finalmente ero lì. La mia prima partita di calcio dal vivo. Da sempre avevo seguito le partite in televisione, ma sapevo che lo stadio offriva un’esperienza completamente diversa.

Quando arrivai davanti all’imponente struttura dello stadio, mi sentii piccolo di fronte a quell’arena vibrante di energia. Entrando, il suono dei cori dei tifosi mi avvolse come un’ondata travolgente. La pelle d’oca mi percorse mentre percorrevo i corridoi, sentendo l’adrenalina salire.

Il momento più emozionante fu quando vidi il campo per la prima volta. Quel manto erboso perfetto, illuminato dalle luci potenti, sembrava qualcosa di quasi surreale. I giocatori entrarono in campo tra gli applausi, e l’intero stadio si sollevò in un unico coro.

Il fischio d’inizio diede il via a novanta minuti di pura passione. Ogni azione era amplificata dalle reazioni della folla, ogni tiro verso la porta faceva trattenere il fiato a migliaia di persone.

Quando la mia squadra segnò, l’intero stadio esplose. Persone che non si conoscevano si abbracciavano, gridavano, condividevano un momento che rimarrà impresso nella mia memoria per sempre.

Quella notte, tornando a casa, capii che il calcio dal vivo non era solo un evento sportivo, ma un’esperienza che si vive con il cuore.
"
AI_sample_25(3),AI,"Crescendo, avevo sempre sognato di vedere una partita di calcio dal vivo. Finalmente, quel giorno era arrivato. Con il biglietto in mano e una sciarpa della mia squadra sulle spalle, mi avviai verso lo stadio con un misto di entusiasmo e impazienza.

All’esterno, i tifosi si radunavano in gruppi, cantando e saltando. L’energia era contagiosa. Varcare i cancelli fu come entrare in un mondo parallelo, dove ogni angolo trasudava passione.

Quando raggiunsi il mio posto e vidi il campo per la prima volta, rimasi incantato. L’erba sembrava più verde di quanto avessi mai immaginato, gli spalti erano un mare di colori, e il frastuono dei cori riempiva l’aria.

Il momento del calcio d’inizio fu elettrizzante. Il pallone cominciò a muoversi e il pubblico seguì ogni azione con attenzione assoluta. Ogni contrasto, ogni passaggio e ogni tiro erano amplificati dalla reazione collettiva dello stadio.

Quando la mia squadra segnò, l’intera curva esplose in un boato incredibile. Mi ritrovai a saltare e a esultare insieme a perfetti sconosciuti, accomunati dalla stessa emozione.

Uscendo dallo stadio quella sera, capii che nessuna trasmissione televisiva avrebbe mai potuto eguagliare la magia di vivere il calcio dal vivo.
"
AI_sample_26(1),AI,"Con le valigie in mano e il cuore colmo di emozione, attraversiamo le porte dell’aeroporto. Il nostro viaggio di nozze sta per iniziare. La voce metallica degli annunci si mescola al vociare dei viaggiatori, mentre ci guardiamo negli occhi, sorridendo con complicità.

Dopo i controlli, ci sediamo vicino al gate, osservando gli aerei decollare. L’adrenalina sale mentre stringiamo i biglietti tra le dita. L’aereo che ci porterà verso la nostra destinazione attende sulla pista, pronto a portarci lontano.

Il tabellone annuncia l’imbarco. Ci alziamo, mano nella mano, pronti a partire. Questo viaggio segna il primo capitolo della nostra nuova vita insieme, un’avventura che rimarrà nei nostri ricordi per sempre.
"
AI_sample_26(2),AI,"Arriviamo in aeroporto con il battito accelerato dall’emozione. È il nostro primo viaggio da marito e moglie, un’avventura che abbiamo sognato per mesi. Facciamo il check-in, lasciamo i bagagli e ci dirigiamo verso l’area imbarchi.

L’attesa scorre tra chiacchiere e sguardi pieni di complicità. Osserviamo i passeggeri intorno a noi, immaginando le loro storie. Il profumo del caffè ci avvolge mentre sfogliamo la guida della nostra destinazione, pregustando le meraviglie che ci attendono.

Finalmente arriva il momento: il nostro volo è pronto. Ci scambiamo un sorriso, intrecciamo le dita e ci avviamo verso l’aereo. Questo viaggio sarà solo l’inizio di tanti altri da vivere insieme.
"
AI_sample_26(3),AI,"Le porte automatiche dell’aeroporto si aprono e ci accolgono con un soffio d’aria fresca. Le valigie sono pronte, il passaporto in tasca, e l’emozione è alle stelle. Questo non è un viaggio qualunque: è il nostro viaggio di nozze, il primo passo della nostra nuova vita insieme.

Superati i controlli, ci ritroviamo in un mare di viaggiatori. Sorridiamo, sentendoci protagonisti di una storia speciale. Seduti nella sala d’attesa, fantastichiamo su ciò che ci aspetta.

L’annuncio del nostro volo risuona nell’aeroporto. Ci guardiamo negli occhi, stringiamo le mani e ci avviamo verso l’imbarco. L’aereo è pronto a portarci lontano, verso giorni di avventure e amore. E noi, emozionati, siamo pronti a viverli fino in fondo.
"
AI_sample_27(1),AI,"Il giorno tanto atteso era finalmente arrivato: il mio diciottesimo compleanno. Non avrei potuto immaginare un luogo migliore per festeggiarlo della casa dei miei nonni sul litorale. Era il posto dove avevo trascorso estati spensierate, tra il profumo del mare e le cene sotto il pergolato.

La casa era addobbata a festa: palloncini colorati ondeggiavano al vento, una lunga tavolata era apparecchiata nel giardino con tovaglie a fiori e piatti di ceramica. I nonni si erano assicurati che ogni dettaglio fosse perfetto, e la cucina profumava dei piatti che preparavano da giorni.

Gli invitati arrivarono nel tardo pomeriggio, accolti dall’aria salmastra e dal suono delle onde in lontananza. Tra chiacchiere e risate, il tempo scorreva veloce. Mio nonno raccontava aneddoti della mia infanzia, mentre mia nonna distribuiva fette di focaccia ancora calda.

Al tramonto, la torta fece la sua comparsa: una grande crostata fatta in casa, decorata con frutta fresca. Le candeline brillavano mentre tutti intonavano la canzone di compleanno.

Soffiando su quelle fiammelle, mi resi conto di quanto fossi fortunato. La famiglia, gli amici, quel luogo magico: tutto rendeva il mio diciottesimo perfetto. Tra abbracci e fotografie, la serata si concluse con la promessa di portare sempre con me quel ricordo prezioso.
"
AI_sample_27(2),AI,"Festeggiare il mio diciottesimo compleanno nella casa dei miei nonni sul litorale era un sogno che diventava realtà. Quella casa, con le persiane azzurre e il profumo di mare che entrava dalle finestre, era il luogo in cui avevo passato i momenti più belli della mia infanzia.

La preparazione era iniziata giorni prima. Mia nonna aveva cucinato senza sosta, preparando le sue specialità, mentre mio nonno si occupava del giardino, sistemando le luci che avrebbero illuminato la serata. Io e i miei cugini gonfiavamo palloncini e sistemavamo i tavoli nel cortile.

Quando gli ospiti arrivarono, il sole era ancora alto nel cielo. L’atmosfera era familiare, intima. I miei amici si mescolavano ai parenti, tutti uniti dalla voglia di celebrare insieme. Si mangiava, si rideva, si raccontavano storie. Il mare, poco distante, sembrava accompagnare la festa con il suo dolce mormorio.

Al momento della torta, la voce emozionata di mio nonno mi fece commuovere. ""Diciotto anni sono importanti, ma ricordati sempre da dove vieni,"" disse. Quelle parole mi rimasero impresse mentre soffiavo sulle candeline, tra gli applausi e gli abbracci.

La notte continuò con musica e balli sotto le stelle. Guardando il mare, capii che quel compleanno non era solo una festa, ma un legame profondo con le mie radici e la mia famiglia.
"
AI_sample_27(3),AI,"Il mio diciottesimo compleanno si avvicinava e non avrei voluto festeggiarlo in nessun altro posto se non nella casa dei miei nonni, sul litorale. Quel luogo rappresentava la mia infanzia, i giorni d’estate trascorsi a giocare sulla spiaggia e le cene in famiglia sotto la veranda.

La giornata iniziò presto, con i preparativi in pieno fermento. I nonni erano instancabili: mia nonna sfornava dolci e pietanze tipiche, mentre mio nonno sistemava le sedie nel cortile, assicurandosi che tutto fosse perfetto. La casa profumava di basilico e limoni, mentre in sottofondo si sentiva il rumore delle onde.

Nel pomeriggio, amici e parenti iniziarono ad arrivare. Il giardino si riempì di voci, di abbracci e di ricordi. Si chiacchierava allegramente, mentre i più giovani correvano verso la spiaggia per un ultimo bagno prima del tramonto.

Quando arrivò il momento della torta, mi trovai circondato da tutti i miei affetti. Le candeline tremolavano nella brezza marina e, per un istante, mi resi conto di quanto quel momento fosse speciale.

Soffiando sulle candeline, capii che quel diciottesimo non era solo una festa, ma il simbolo di un passaggio: dall’infanzia all’età adulta, senza dimenticare le radici e l’amore che mi avevano accompagnato fino a quel giorno.
"
AI_sample_28(1),AI,"Non avrei mai immaginato di trovarmi faccia a faccia con il mio autore preferito. Durante una conferenza letteraria, ebbi l’opportunità di incontrarlo. Emozionato, gli chiesi cosa lo ispirasse nella scrittura. Con un sorriso gentile, mi rispose che ogni storia nasce dall’osservazione della vita quotidiana. Parlò dell’importanza di leggere con curiosità e scrivere con autenticità. Il suo sguardo rifletteva passione e saggezza. Quando mi autografò il libro, mi sentii parte di qualcosa di speciale. Quelle parole mi avrebbero ispirato per sempre."
AI_sample_28(2),AI,"Ero in fila per un evento sportivo quando, inaspettatamente, ebbi la possibilità di parlare con un ex campione di atletica. Con una stretta di mano decisa, mi chiese se praticassi sport. Gli raccontai della mia passione per la corsa, e lui mi diede un consiglio: ""La disciplina e la costanza contano più del talento."" Ascoltarlo fu illuminante. Raccontò dei sacrifici e delle difficoltà affrontate per raggiungere il successo. Prima di andarsene, mi incoraggiò a non mollare mai. Quelle parole riecheggiano ancora nella mia mente."
AI_sample_28(3),AI,"Durante un festival musicale, ebbi l’occasione di scambiare qualche parola con un chitarrista leggendario. Gli chiesi quale fosse il segreto della sua tecnica straordinaria. Sorridendo, rispose che non esistono scorciatoie: solo passione e pratica costante. Parlò dell’importanza di sentire la musica, non solo di suonarla. Raccontò aneddoti sulle sue prime esibizioni e sugli errori che l’avevano fatto crescere. L’incontro durò pochi minuti, ma il suo entusiasmo era contagioso. Andarmene con il suo autografo e i suoi consigli fu un’esperienza che non dimenticherò mai."
AI_sample_29(1),AI,"Ricordo ancora il giorno in cui vidi mia sorella per la prima volta. Ero emozionato e impaziente mentre aspettavo fuori dalla stanza d’ospedale. Quando finalmente entrai, vidi quel piccolo fagotto tra le braccia di mia madre. Aveva occhi socchiusi e un viso delicato. Mi avvicinai piano, quasi temendo di romperla. Quando le presi la manina, sentii un legame immediato. Era incredibile pensare che da quel giorno non sarei più stato solo. Da quel momento, la mia vita cambiò per sempre."
AI_sample_29(2),AI,"La nascita di mia sorella fu un evento che riempì la casa di gioia. Quando i miei genitori mi dissero che stava arrivando, non capii subito quanto la mia vita sarebbe cambiata. Il giorno della sua nascita, vidi nei loro occhi un’emozione indescrivibile. Quando la presi in braccio, mi sentii responsabile, come se dovessi proteggerla per sempre. Crescendo, abbiamo condiviso giochi, risate e qualche litigio, ma il nostro legame è diventato indissolubile. La sua presenza ha reso la nostra famiglia ancora più speciale."
AI_sample_29(3),AI,"Per mesi avevo sentito parlare dell’arrivo di mia sorella, ma non capivo davvero cosa significasse. Quando finalmente nacque, fui travolto da un’emozione strana: curiosità, eccitazione e un pizzico di paura. Quando la vidi, minuscola e delicata, capii che era reale. La sua voce era un dolce pianto, il suo profumo sapeva di nuovo. Mi chiesero se volevo tenerla in braccio, e in quell’istante mi sentii il fratello più orgoglioso del mondo. Da quel momento, la mia vita fu piena di amore e meraviglia."
AI_sample_30(1),AI,"Appena arrivato, sono rimasto colpito dall’armonia dei palazzi e delle strade. Ogni angolo raccontava una storia antica, tra vicoli stretti e piazze eleganti. Il cuore della città pulsava nella sua piazza principale, un luogo dove passato e presente si incontrano.

La cattedrale dominava il panorama con la sua facciata imponente, mentre le strade acciottolate conducevano a scorci inaspettati. Passeggiando, ho scoperto botteghe artigiane e caffè accoglienti, dove il tempo sembrava rallentare.

Dopo aver visitato un antico palazzo, sono salito su una torre panoramica. Dall’alto, il paesaggio si apriva in un susseguirsi di tetti e campanili, con il cielo che sembrava abbracciare la città. Un luogo capace di lasciare un’impronta indelebile.
"
AI_sample_30(2),AI,"Appena varcata la soglia della città, ho avvertito un’atmosfera raffinata e accogliente. Le strade ampie e i palazzi decorati raccontavano secoli di storia. I portici offrivano riparo dal sole, invitando a passeggiare con calma, ammirando le vetrine curate e i dettagli architettonici.

La piazza centrale era il fulcro della vita cittadina, animata da locali storici e gruppi di persone sedute ai tavolini all’aperto. Qui, il ritmo era scandito dal suono delle campane e dal via vai discreto dei passanti.

Ho visitato un importante museo, che custodiva opere straordinarie, poi mi sono fermato in un’antica caffetteria. Il profumo del caffè e la quiete della città hanno reso l’esperienza ancora più autentica.
"
AI_sample_30(3),AI,"Il primo impatto con la città è stato affascinante: un intreccio di vicoli e piazze, circondato da edifici che conservavano l’eleganza del passato. Le facciate antiche si alternavano a botteghe artigianali, creando un’atmosfera unica.

La mia visita è iniziata da una grande chiesa, un capolavoro di architettura che custodiva affreschi straordinari. Proseguendo, ho attraversato un quartiere ricco di storia, dove ogni angolo rivelava dettagli inaspettati.

Nel tardo pomeriggio, ho raggiunto un belvedere da cui si ammirava tutta la città. Il tramonto ha acceso i tetti di sfumature calde, mentre il suono delle campane scandiva il passare del tempo. Un viaggio che mi ha lasciato una sensazione di pace e meraviglia.
"
AI_sample_31(1),AI,"Era un pomeriggio come tanti, in un’aula universitaria affollata. Ero seduto nell’ultima fila, cercando di concentrarmi su una lezione che sembrava non finire mai, quando la porta si aprì di colpo. Due ragazzi entrarono di corsa, visibilmente in ritardo. Si guardarono intorno, cercando un posto libero, e finirono per sedersi accanto a me.

Dopo qualche minuto, uno dei due sussurrò: “Scusa, che argomento sta spiegando il professore?” Gli passai i miei appunti senza pensarci troppo, e lui mi rivolse un sorriso grato. L’altro, sbirciando il foglio, fece una battuta sottovoce che ci fece ridere tutti e tre.

Alla fine della lezione, continuammo a chiacchierare lungo i corridoi, scoprendo che avevamo molte passioni in comune. La conversazione si spostò su musica, viaggi, persino sul cibo preferito.

Quella che sembrava una semplice conversazione tra sconosciuti divenne, con il tempo, la base di un’amicizia profonda. Iniziammo a passare sempre più tempo insieme, studiando, uscendo, condividendo esperienze e sogni.

Oggi, guardando indietro, quel primo incontro sembra quasi un segno del destino. Non sapevamo ancora che saremmo diventati inseparabili, che avremmo riso, pianto e affrontato tutto insieme. Ma lo abbiamo scoperto strada facendo.
"
AI_sample_31(2),AI,"La pioggia cadeva incessante, trasformando le strade in un labirinto di pozzanghere. Cercavo riparo sotto la pensilina dell’autobus, stringendo tra le mani il libro che stavo leggendo. Accanto a me, una ragazza scuoteva l’ombrello fradicio, mentre un ragazzo fissava il telefono, visibilmente irritato.

“Allora, l’autobus non arriverà mai?” chiese lei, sbuffando. Il ragazzo sollevò lo sguardo dal telefono e rispose: “Bloccato nel traffico. Ci toccherà aspettare.” Io sorrisi e aggiunsi: “O possiamo iniziare a camminare.” Loro mi guardarono sorpresi, poi risero.

Iniziammo a parlare, condividendo l’assurdità della situazione. Scoprimmo di essere diretti nello stesso posto: un evento culturale che nessuno dei tre voleva perdere.

Dopo qualche minuto, decidemmo di avventurarci sotto la pioggia. Camminammo per venti minuti, scherzando sul nostro stato fradicio. Arrivati a destinazione, ci rendemmo conto di essere stati troppo presi dalla conversazione per accorgerci della strada.

Quella serata segnò l’inizio di qualcosa di speciale. Da quel giorno, ci ritrovammo sempre più spesso, tra cene improvvisate e lunghe chiacchierate. Quell’incontro sotto la pioggia aveva creato un legame destinato a durare per sempre.

"
AI_sample_31(3),AI,"Era il primo giorno di lavoro e l’ansia mi stringeva lo stomaco. Entrai nella sala riunioni con passo incerto, osservando i volti intorno a me. Due ragazzi erano già seduti lì, intenti a scorrere documenti e a lanciare occhiate nervose.

“Anche voi nuovi?” chiesi, cercando di spezzare il silenzio. Loro si guardarono e uno dei due rispose: “Sì… e decisamente spaesati.” L’altro annuì, ridendo: “Non abbiamo ancora capito dove sia la macchinetta del caffè.”

Quel semplice scambio fece crollare la tensione. La riunione iniziò, ma tra un appunto e l’altro scoprimmo che condividevamo le stesse insicurezze e speranze.

Durante la pausa, decidemmo di cercare insieme la famosa macchinetta del caffè. Nel tragitto, iniziammo a parlare di tutto: musica, sport, serie TV. Quel piccolo momento, così spontaneo, segnò l’inizio di un’amicizia inaspettata.

I giorni passarono e ci ritrovammo a lavorare insieme, a pranzare sempre nello stesso tavolo, a raccontarci le difficoltà e i successi. Quello che iniziò come un incontro casuale divenne un legame indissolubile, fatto di risate, sostegno e amicizia sincera.
"
AI_sample_32(1),AI,"Quel giorno era iniziato come tutti gli altri, senza alcun segnale che qualcosa di straordinario stesse per accadere. Seduto alla mia scrivania, immerso nel lavoro, ricevetti una convocazione inaspettata dal direttore. Il cuore accelerò all’istante: avevo sempre dato il massimo, ma non sapevo cosa aspettarmi.

Entrai nel suo ufficio con un misto di ansia ed eccitazione. Il direttore mi sorrise e, senza troppi giri di parole, mi comunicò la notizia: “Abbiamo deciso di promuoverti a responsabile del progetto.” Per un attimo rimasi senza parole. Tutti i sacrifici, le ore di lavoro extra, la dedizione… finalmente stavano dando i loro frutti.

Mentre mi spiegava le nuove responsabilità, provavo un senso di orgoglio e gratitudine. Ricordavo il mio primo giorno in azienda, quando tutto sembrava enorme e io mi sentivo piccolo. Ora, invece, mi trovavo a un nuovo punto di partenza, pronto ad affrontare nuove sfide.

Quando uscii dall’ufficio, il mio primo istinto fu quello di chiamare la mia famiglia. Sentire la loro felicità amplificò la mia emozione. Guardando fuori dalla finestra, capii che quello era solo l’inizio. Il successo non era solo il raggiungimento di un obiettivo, ma la consapevolezza che la strada percorsa aveva avuto un senso.
"
AI_sample_32(2),AI,"Quando iniziai a lavorare in azienda, ero solo un giovane neolaureato con tanta voglia di imparare. Ho passato anni a osservare, ascoltare, migliorarmi giorno dopo giorno. Poi, arrivò il momento che non dimenticherò mai.

Una mattina, il mio superiore mi chiese di restare dopo la riunione. Ero sorpreso, ma non immaginavo il motivo. Con tono serio, mi disse: “Abbiamo apprezzato il tuo impegno e vogliamo che tu diventi il nuovo coordinatore del team.”

Il mio cuore si fermò per un istante. Davvero? Ero pronto per una responsabilità così grande? Poi, un’ondata di sicurezza mi travolse. Avevo lavorato duramente per questo. Avevo affrontato difficoltà, preso iniziative, fatto sacrifici.

La prima cosa che feci fu ringraziare chi mi aveva guidato lungo il percorso. Senza il loro supporto, senza il confronto con i colleghi, non sarei stato lì.

La sensazione di camminare verso il mio nuovo ufficio, consapevole che da quel giorno tutto sarebbe cambiato, fu elettrizzante. Avevo ottenuto la mia prima vera promozione e, con essa, la conferma che determinazione e passione portano sempre lontano.
"
AI_sample_32(3),AI,"Avevo sempre amato il mio lavoro, ma non mi sarei mai aspettato che quel giorno arrivasse così presto. Ero immerso in una presentazione importante quando il mio capo mi chiamò nel suo ufficio. Il tono serio mi mise in allarme.

“Abbiamo valutato le tue capacità e pensiamo che tu sia pronto per un ruolo più importante,” disse. Rimasi senza parole. Io? Fino a pochi mesi prima, ero l’ultimo arrivato, colui che faceva domande e cercava di apprendere il più possibile.

Ascoltai attentamente mentre mi spiegava le nuove responsabilità. Più parlava, più sentivo l’adrenalina salire. Avevo sempre desiderato un’opportunità del genere, ma ora che era davanti a me, provavo un misto di entusiasmo e timore.

Accettai senza esitazione. Non potevo lasciarmi sfuggire quella possibilità. Uscito dall’ufficio, camminai per qualche minuto cercando di realizzare cosa fosse successo.

Quella sera festeggiai con le persone più care, ripensando ai momenti difficili, alle sfide superate. Quella promozione non era solo un passo avanti nella carriera, ma la dimostrazione che con dedizione e passione, si possono raggiungere traguardi che sembravano irraggiungibili.
"
AI_sample_33(1),AI,
AI_sample_33(2),AI,
AI_sample_33(3),AI,
AI_sample_34(1),AI,"Quel giorno lo avevo immaginato mille volte, ma viverlo fu tutta un’altra cosa. Entrai nell’aula con il cuore in gola, il mio nome scritto nell’elenco dei laureandi, il discorso ripetuto nella mente fino allo sfinimento. Guardai la commissione, i professori con cui avevo condiviso anni di studio e sacrifici.

Quando iniziai a parlare, la voce tremava leggermente, ma man mano che esponevo la mia tesi, acquisii sicurezza. Ogni parola era il risultato di notti insonni, di appunti scritti e riscritti, di esami superati con fatica. Quando terminai, un silenzio carico di tensione precedette il verdetto: “Dottore”.

Fu in quel momento che realizzai: ce l’avevo fatta. Uscii dall’aula, e l’abbraccio della mia famiglia mi travolse. Gli amici mi circondavano con urla di gioia, mentre il cielo si riempiva di coriandoli colorati.

Era il giorno che segnava la fine di un percorso, ma anche l’inizio di una nuova avventura. Avevo raggiunto il traguardo per cui avevo lottato così a lungo. La soddisfazione, il sollievo, la gioia pura: un mix di emozioni che non avrei mai dimenticato.
"
AI_sample_34(2),AI,"L’ansia mi accompagnò fin dal mattino. Sapevo che quello sarebbe stato un giorno speciale, ma il peso della tensione era forte. Indossai la mia migliore camicia, sistemai la toga sulle spalle e mi diressi verso l’università con il cuore che batteva all’impazzata.

Entrato nell’aula, vidi i miei genitori in fondo alla sala, i loro volti emozionati. Poi arrivò il mio turno. Presentai la tesi con la voce leggermente tremante, ma con la consapevolezza di aver dato il massimo.

Quando il presidente della commissione pronunciò le parole: “Congratulazioni, dottore”, il mondo sembrò fermarsi. Non riuscivo a smettere di sorridere, mentre uscivo dalla sala accolto dagli applausi e dagli abbracci.

Fuori dall’edificio, gli amici mi aspettavano con striscioni e champagne. I festeggiamenti iniziarono immediatamente, tra risate e fotografie che avrebbero immortalato quel momento per sempre.

Quella laurea non era solo un traguardo accademico, ma la dimostrazione di anni di sacrifici e impegno. Mi sentii orgoglioso, consapevole di aver conquistato qualcosa di importante. Da quel giorno, il futuro sembrava più luminoso.

"
AI_sample_34(3),AI,"Il giorno della mia laurea iniziò con un misto di ansia ed emozione. Ogni passo verso l’università sembrava più leggero e pesante allo stesso tempo. Il discorso era pronto, la tesi rilegata con cura, e l’adrenalina era alle stelle.

L’attesa fuori dall’aula fu interminabile. Gli altri laureandi condividevano la mia agitazione, ognuno con lo sguardo perso nei propri pensieri. Quando fu il mio turno, respirai profondamente e iniziai a esporre il mio lavoro.

Dopo la discussione, i secondi prima della proclamazione sembrarono infiniti. Poi, quelle parole attese per anni: “Dottore”. Il cuore mi esplose nel petto, mentre gli applausi mi riempivano le orecchie.

All’uscita, trovai la mia famiglia con le lacrime agli occhi e gli amici pronti a lanciarmi in aria. La mia toga era ormai coperta di coriandoli, e la gioia era incontenibile.

Quella giornata rimarrà per sempre impressa nella mia memoria. La laurea non fu solo il raggiungimento di un obiettivo, ma la conferma che i sogni si realizzano con impegno e dedizione. E io, quel giorno, mi sentii davvero fiero di me stesso.
"
AI_sample_35(1),AI,"Il giorno del nostro matrimonio è arrivato con un’emozione indescrivibile. La mattina era un turbine di preparativi: trucco, vestito, dettagli curati con amore. Il cuore batteva forte mentre mi avviavo verso il luogo della cerimonia.

Appena vidi la persona che avrei sposato, ogni ansia svanì. Gli occhi brillavano di gioia, e nel silenzio carico di emozione pronunciammo le nostre promesse. Ogni parola era un giuramento d’amore, un legame che ci avrebbe uniti per sempre.

Dopo la cerimonia, il ricevimento fu un’esplosione di felicità. Amici e familiari riempivano l’aria di risate e brindisi. La musica avvolgeva tutti in un abbraccio di festa. Ballammo, parlammo, godemmo di ogni istante, consapevoli che quei momenti sarebbero rimasti indelebili nei nostri cuori.

Alla fine della serata, mentre guardavamo il cielo illuminato dalle luci della festa, ci rendemmo conto che il nostro viaggio insieme era appena iniziato. Il matrimonio non era solo un giorno speciale, ma l’inizio di un nuovo capitolo fatto di sogni condivisi, amore e complicità.
"
AI_sample_35(2),AI,"Il giorno del matrimonio sembrava quasi irreale. L’emozione era palpabile fin dal mattino, tra i preparativi e le parole dolci dei nostri cari. Mentre mi avvicinavo all’altare, sentivo il cuore battere più forte a ogni passo.

L’incontro degli sguardi fu il momento più intenso. Nessun discorso avrebbe potuto descrivere l’amore che si rifletteva nei nostri occhi. La voce tremava mentre pronunciavamo il “sì”, consapevoli che quello era l’inizio di qualcosa di eterno.

Dopo la cerimonia, la festa esplose in un tripudio di gioia. Le persone che amavamo erano lì per noi, a condividere ogni sorriso, ogni brindisi, ogni ballo sotto le luci calde della sera. Ogni dettaglio era perfetto, ma ciò che lo rese unico fu la felicità sincera di essere circondati da chi ci voleva bene.

Quando la notte scese e gli ultimi invitati si congedarono, ci ritrovammo mano nella mano, grati per quel giorno indimenticabile. Il matrimonio non era solo una celebrazione, ma la promessa di un futuro insieme, fatto di amore e complicità.
"
AI_sample_35(3),AI,"La sveglia suonò presto, ma l’emozione mi aveva già tenuto sveglio tutta la notte. Il giorno del matrimonio era finalmente arrivato. Tra il rumore dei preparativi e le voci concitate, il tempo sembrava scorrere più veloce del solito.

Poi, il momento tanto atteso. Appena vidi la persona che stavo per sposare, tutto il resto svanì. Era come se il mondo si fermasse per un istante. Ci scambiammo uno sguardo carico di amore e, con voce tremante, pronunciammo le promesse che avremmo custodito per tutta la vita.

Dopo la cerimonia, il ricevimento fu una celebrazione di pura gioia. Gli abbracci, le risate, i balli, i discorsi commossi: tutto contribuiva a rendere quel giorno perfetto. Ogni brindisi era un augurio per il futuro, ogni fotografia un ricordo da conservare per sempre.

Quando la festa finì e restammo soli, ci guardammo sorridendo. Quel giorno era stato solo l’inizio. Il matrimonio non era solo una cerimonia, ma la scelta consapevole di affrontare la vita insieme, con amore, rispetto e infinita felicità.

"
AI_sample_36(1),AI,"Il giorno era finalmente arrivato. L’attesa, fatta di emozione e trepidazione, stava per concludersi. Nella sala parto, il tempo sembrava rallentare mentre stringevo la mano della mia compagna, cercando di trasmetterle forza. Il cuore mi batteva all’impazzata, la tensione si mescolava alla gioia imminente.

Poi, improvvisamente, un pianto riempì la stanza. Era il suono più bello che avessi mai sentito. Quando l’ostetrica mi porse il nostro bambino, sentii un nodo in gola. Era minuscolo, delicato, perfetto. Lo guardai, incredulo, mentre le sue piccole dita si muovevano piano, cercando il contatto.

Le lacrime mi scesero senza controllo. Quel momento segnava la fine di un’attesa e l’inizio di qualcosa di immensamente più grande. Sentii un amore sconfinato, un senso di responsabilità nuovo, travolgente.

Guardai mia compagna, esausta ma raggiante, e le presi la mano. Eravamo diventati genitori. Nulla sarebbe più stato come prima, ma in quel momento sapevo che non avrei mai desiderato altro. Era il primo giorno della nostra nuova vita.
"
AI_sample_36(2),AI,"L’attesa sembrava infinita. Il tempo in ospedale scorreva lento, scandito dai monitor e dalle parole rassicuranti dei medici. Poi, all’improvviso, il silenzio fu rotto da un pianto acuto. Il nostro bambino era nato.

Quando lo vidi per la prima volta, il cuore perse un battito. Così piccolo, fragile, perfetto. L’infermiera me lo porse con un sorriso, e in quell’istante tutto il mondo svanì. Lo strinsi piano, temendo di romperlo, ma lui sembrava già fidarsi di me. Sentire il suo respiro sulla mia pelle fu l’emozione più grande della mia vita.

Guardai la mia compagna, stanca ma felice, e capii che niente avrebbe mai più avuto lo stesso significato. Il nostro amore aveva preso forma, aveva un volto, un nome, un futuro.

Quella notte, nella stanza d’ospedale illuminata solo da una luce soffusa, ci sentimmo la famiglia più felice del mondo. Il viaggio della nostra vita era appena cominciato, e sapevo che sarebbe stato il più bello di tutti.
"
AI_sample_36(3),AI,"Il giorno della nascita di nostro figlio è stato il più emozionante della nostra vita. La sala parto era un luogo di attesa e speranza, mentre stringevo la mano della mia compagna, cercando di trasmetterle tutto il sostegno possibile.

Dopo ore di tensione, un suono riempì la stanza: il pianto del nostro bambino. Un misto di sollievo e incredulità mi travolse. Quando l’infermiera me lo posò tra le braccia, il tempo si fermò. Era minuscolo, con il viso leggermente arrossato e gli occhi chiusi.

Lo guardai per lunghi secondi, cercando di realizzare che quella piccola vita era nostra. La mia mano sfiorò la sua, e lui, come se mi riconoscesse, strinse il mio dito con forza.

In quell’istante, ogni paura, ogni fatica svanì. Guardai mia compagna e, senza bisogno di parole, ci capimmo: eravamo diventati una famiglia.

Quella notte, lo osservai dormire nella culla accanto a noi. Ogni respiro era un miracolo, ogni movimento un’emozione. Il nostro viaggio come genitori era appena iniziato, ma già sapevo che non avrei mai smesso di amare quel piccolo essere con tutto me stesso.
"
AI_sample_37(1),AI,"Diventare madre è stata l’esperienza più intensa della mia vita. Per mesi avevo immaginato quel momento, ma nulla poteva prepararmi davvero a ciò che avrei provato quando vidi mio figlio per la prima volta.

Dopo ore di fatica e dolore, il suo primo pianto ruppe il silenzio della sala parto. Il cuore mi esplose nel petto, le lacrime iniziarono a scendere senza controllo. Quando l’infermiera me lo posò sul petto, sentii il calore della sua pelle contro la mia e tutto il resto del mondo svanì.

Era piccolo, fragile, con le mani che cercavano istintivamente un contatto. Lo guardai negli occhi, ancora socchiusi, e sentii un amore così grande da togliermi il respiro. Era come se lo conoscessi da sempre, come se in quel momento tutto trovasse il suo senso.

Da quel giorno, ogni cosa ha assunto un significato diverso. Ogni notte insonne, ogni sorriso, ogni piccolo gesto ha rafforzato quel legame indissolubile. Essere madre significa proteggere, amare, donarsi completamente. È un viaggio fatto di emozioni contrastanti, di gioie immense e di paure, ma soprattutto di un amore che cresce ogni giorno di più.

E quando lo stringo tra le braccia, so che non c’è nulla al mondo di più prezioso."
AI_sample_37(2),AI,"Diventare madre non è stato solo un evento, ma una trasformazione. Dal momento in cui ho scoperto di aspettare mio figlio, la mia vita ha iniziato a cambiare. Ma è stato solo quando l’ho visto per la prima volta che ho davvero capito cosa significasse amare senza limiti.

Il parto è stato lungo, faticoso, ma quando ho sentito il suo primo vagito, il dolore è svanito. L’infermiera me lo mise tra le braccia, e in quell’istante capii che non sarei mai più stata la stessa.

Lo guardai con incredulità, accarezzando il suo viso minuscolo. Quelle dita così piccole, il respiro delicato, il calore del suo corpo: ogni cosa mi sembrava un miracolo. Non riuscivo a smettere di piangere, sopraffatta da un’emozione mai provata prima.

Nei giorni successivi, imparai a conoscerlo, a interpretare i suoi bisogni, a lasciarmi guidare dal nostro legame istintivo. Essere madre significava affrontare paure, incertezze, ma anche provare una felicità che non si può spiegare.

Ora, ogni suo sorriso illumina la mia giornata. Ogni volta che lo stringo a me, capisco che non esiste al mondo amore più grande.
"
AI_sample_37(3),AI,"Essere madre è un viaggio che inizia nel momento in cui senti il primo battito del cuore di tuo figlio dentro di te. Per mesi avevo immaginato il suo volto, i suoi occhi, la sua voce. Ma nulla poteva prepararmi alla tempesta di emozioni che mi travolse il giorno in cui lo strinsi per la prima volta.

Dopo ore di attesa e fatica, sentii il suo primo pianto. Un suono delicato eppure potente, capace di riempire ogni angolo della mia anima. Quando me lo posarono sul petto, tutto il mondo attorno a me scomparve. C’eravamo solo noi due.

Lo guardai incredula, accarezzando la sua pelle morbida, sentendo il suo respiro affannoso mentre si adattava alla vita fuori dal mio grembo. Sentii un amore che non avevo mai conosciuto prima, un sentimento travolgente che mi fece dimenticare ogni paura, ogni dolore.

Nei giorni successivi, imparai cosa significava davvero essere madre: un misto di felicità immensa e stanchezza infinita, di dubbi e certezze, di momenti difficili e attimi di pura magia.

Ora so che ogni sacrificio, ogni notte insonne, ogni difficoltà valgono la pena. Perché essere madre è il dono più straordinario che la vita potesse farmi.
"
AI_sample_38(1),AI,"Lavorare all’estero è stato un salto nel vuoto, un mix di eccitazione e timore. Arrivato in un paese sconosciuto, tutto sembrava diverso: la lingua, la cultura, il ritmo della vita. I primi giorni furono difficili, tra pratiche burocratiche e la paura di non essere all’altezza.

Poi, lentamente, ho iniziato ad ambientarmi. Ho stretto amicizie con colleghi di tutto il mondo, imparando nuove prospettive e modi di lavorare. Ogni sfida affrontata mi ha reso più forte e sicuro di me stesso.

Ora, guardando indietro, so che questa esperienza mi ha cambiato profondamente. Lavorare all’estero significa crescere, scoprire e adattarsi, costruendo un futuro che non avrei mai immaginato prima.
"
AI_sample_38(2),AI,"Il mio primo lavoro all’estero è stato una delle esperienze più formative della mia vita. All’inizio, il senso di smarrimento era forte: nuove abitudini, un ambiente lavorativo sconosciuto, una lingua che non padroneggiavo perfettamente.

Ogni giorno era una sfida, ma anche un’opportunità. Ho imparato ad adattarmi, a essere flessibile, a superare le difficoltà con determinazione. Con il tempo, il posto di lavoro è diventato familiare e i colleghi sono diventati amici.

Guardando indietro, so di aver fatto la scelta giusta. Lavorare all’estero mi ha dato sicurezza, competenze e una prospettiva più ampia sul mondo. È stata un’avventura straordinaria che mi ha reso la persona che sono oggi.
"
AI_sample_38(3),AI,"Partire per lavorare all’estero è stato un passo coraggioso. Lasciare la mia comfort zone significava affrontare l’ignoto, ma sapevo che ne sarebbe valsa la pena.

I primi mesi furono un continuo adattamento: nuove regole aziendali, abitudini diverse, sfide linguistiche. Ma ogni ostacolo superato mi ha dato più fiducia in me stesso. Ho scoperto un mondo lavorativo dinamico, stimolante, in cui ho potuto mettermi alla prova e imparare ogni giorno qualcosa di nuovo.

Ora, con più esperienza e consapevolezza, so che questa avventura mi ha cambiato profondamente. Lavorare all’estero è stato un viaggio di crescita, di scoperta e di infinite possibilità.
"
AI_sample_39(1),AI,"Lavorare all’estero è stata una delle scelte più coraggiose della mia vita. Appena arrivato, tutto sembrava diverso: la lingua, la cultura, persino il modo di lavorare. I primi giorni furono un misto di entusiasmo e difficoltà.

Entrare in un ambiente lavorativo nuovo, con colleghi provenienti da diverse parti del mondo, mi ha insegnato l’importanza dell’adattamento. Ogni giorno era una sfida, ma anche un’opportunità per crescere professionalmente e personalmente.

Piano piano, le differenze culturali sono diventate ricchezze, le difficoltà occasioni di apprendimento. Ho acquisito nuove competenze, migliorato la mia indipendenza e costruito amicizie durature.

Ora, guardando indietro, so che questa esperienza mi ha reso più forte e consapevole delle mie capacità. Lavorare all’estero ha cambiato il mio modo di vedere il mondo.
"
AI_sample_39(2),AI,"All’inizio, il trasferimento all’estero per lavoro sembrava un salto nel buio. Nuove regole, nuove abitudini, una lingua da padroneggiare meglio. La prima settimana fu disorientante: ero fuori dalla mia zona di comfort.

Ma ben presto, il senso di smarrimento lasciò spazio alla determinazione. I colleghi mi accolsero con disponibilità, aiutandomi a comprendere il nuovo contesto lavorativo. Ogni difficoltà superata mi dava più sicurezza.

Lavorare all’estero significa imparare non solo una professione, ma anche nuove prospettive. Ogni cultura ha un approccio diverso al lavoro e io ho scoperto quanto sia prezioso mettersi in gioco.

Dopo mesi di sfide, ho capito che questa esperienza non era solo una tappa professionale, ma un viaggio di crescita che mi avrebbe arricchito per sempre.
"
AI_sample_39(3),AI,"Quando ho accettato un’opportunità di lavoro all’estero, non immaginavo quanto mi avrebbe trasformato. Non era solo una questione di nuove responsabilità, ma di abbracciare un mondo completamente diverso.

Il primo impatto fu difficile: documenti da gestire, una città sconosciuta da esplorare, abitudini da modificare. Ma con il tempo, ho trovato il mio ritmo.

L’ambiente internazionale mi ha insegnato il valore della diversità. Lavorare con persone di culture differenti ha cambiato il mio approccio ai problemi, rendendomi più aperto e flessibile.

Col tempo, ho imparato a vedere le difficoltà come opportunità di crescita. Questa esperienza mi ha insegnato che il vero successo non è solo professionale, ma sta nella capacità di adattarsi e reinventarsi ogni giorno.
"
AI_sample_40(1),AI,"Trascorrere il Natale in una grande capitale europea è stato come entrare in un racconto magico. Ogni strada era decorata con luci scintillanti, e l’aria profumava di dolci natalizi e vin brulé.

Visitare il mercatino di Natale è stata un’esperienza incredibile: bancarelle con oggetti artigianali, dolci tipici e decorazioni uniche. Ho assaggiato specialità locali e sorseggiato una cioccolata calda mentre osservavo la gente intorno a me.

La sera di Natale, la città brillava di luci, e un concerto di canti natalizi ha reso l’atmosfera ancora più emozionante.

Lontano da casa, ho trovato lo spirito natalizio in un luogo nuovo, lasciandomi affascinare dalle tradizioni e dalla magia di un Natale diverso, ma altrettanto speciale."
AI_sample_40(2),AI,"Festeggiare il Natale in montagna, circondato dalla neve, è stato un sogno. Le case illuminate, i camini accesi e il silenzio ovattato della neve creavano un’atmosfera incantevole.

Ogni giorno iniziava con una passeggiata nel bosco, respirando l’aria fresca. Le serate erano un mix di risate, giochi da tavolo e cene abbondanti con piatti tipici locali.

Il giorno di Natale, la colazione davanti al fuoco e una sciata tra le piste illuminate dal sole hanno reso la giornata perfetta.

Ho vissuto il Natale in modo autentico, lontano dalla frenesia, riscoprendo la bellezza della semplicità e del contatto con la natura. È stata un’esperienza che porterò nel cuore per sempre.
"
AI_sample_40(3),AI,"Un Natale lontano dal freddo, con il sole che splendeva alto nel cielo, è stato un’esperienza unica. Al posto di sciarpe e cappotti, costume e occhiali da sole.

Passeggiare sulla spiaggia la mattina di Natale, con l’oceano che brillava sotto la luce del sole, mi ha fatto vivere la magia delle feste in modo completamente diverso.

Abbiamo assaporato piatti locali in un ristorante sulla sabbia, circondati da decorazioni natalizie esotiche.

Anche senza neve e luci soffuse, l’atmosfera era speciale. I locali festeggiavano con danze, musica e cene all’aperto.

Quel Natale lontano dalle solite tradizioni mi ha insegnato che lo spirito natalizio può esistere ovunque, perché è fatto di emozioni, condivisione e momenti indimenticabili.
"
AI_sample_41(1),AI,"Il Capodanno in una grande città estera è stato un’esperienza indimenticabile. L’energia delle strade affollate, le luci che illuminavano ogni angolo e la musica che risuonava ovunque creavano un’atmosfera elettrizzante.

Dopo una cena tra amici in un ristorante tipico, ci siamo diretti verso la piazza principale. Il freddo pungente era dimenticato grazie all’entusiasmo della folla, che cresceva con l’avvicinarsi della mezzanotte.

Quando l’orologio segnò gli ultimi dieci secondi, il conto alla rovescia risuonò nell’aria. Al tocco della mezzanotte, il cielo si illuminò con uno spettacolo di fuochi d’artificio mozzafiato. La gente si abbracciava, brindava, ballava.

È stato un momento di pura felicità, un mix di emozioni e adrenalina. Sentire il calore di persone sconosciute unite nella stessa gioia mi ha fatto vivere uno dei Capodanni più belli di sempre.

Quel viaggio mi ha insegnato che l’inizio di un nuovo anno è ancora più speciale se vissuto in un luogo magico, con persone che condividono lo stesso entusiasmo. Un’esperienza che conserverò nel cuore per sempre.
"
AI_sample_41(2),AI,"Trascorrere il Capodanno in riva all’oceano è stata un’esperienza magica. Abituato ai festeggiamenti invernali, trovarmi a piedi nudi sulla sabbia, con una brezza tiepida che accarezzava la pelle, sembrava quasi surreale.

Dopo una cena deliziosa in un ristorante locale, io e il mio gruppo di amici ci siamo diretti sulla spiaggia. La gente si riuniva attorno a falò improvvisati, la musica risuonava nell’aria e il rumore delle onde creava un sottofondo rilassante.

Mentre il conto alla rovescia iniziava, ci siamo presi per mano, pronti a salutare l’anno vecchio e ad accogliere quello nuovo. Allo scoccare della mezzanotte, il cielo si è illuminato di fuochi d’artificio spettacolari, che si riflettevano sull’acqua creando un gioco di colori mozzafiato.

Abbiamo brindato con calici improvvisati e abbracciato perfetti sconosciuti, uniti da un’emozione indescrivibile. Ballare sulla spiaggia sotto un cielo stellato, con la sensazione di libertà assoluta, è stato un momento che porterò nel cuore per sempre.

Quel Capodanno mi ha insegnato che non importa dove ti trovi: la vera magia sta nelle emozioni, nei legami e nella capacità di lasciarsi sorprendere dalla bellezza del mondo.
"
AI_sample_41(3),AI,"Salire in montagna per festeggiare il Capodanno è stata un’esperienza emozionante. Il paesaggio innevato, il silenzio ovattato della neve e il calore del camino acceso creavano un’atmosfera perfetta.

Dopo una giornata sulle piste da sci, la sera abbiamo indossato i nostri abiti più eleganti e ci siamo ritrovati in un rifugio accogliente, immerso tra le montagne. Il profumo di legna arsa e vino caldo avvolgeva la stanza, mentre la musica dal vivo riempiva l’aria.

Con l’avvicinarsi della mezzanotte, siamo usciti all’aperto, avvolti nei nostri cappotti. Il cielo era limpido, le stelle brillavano sopra di noi. Abbiamo contato gli ultimi secondi con il fiato sospeso, e poi, allo scoccare della mezzanotte, il cielo si è illuminato di mille colori.

I fuochi d’artificio si riflettevano sulla neve, creando uno spettacolo indimenticabile. Gli abbracci, i brindisi, il calore di amici e sconosciuti rendevano tutto ancora più speciale.

Quella notte, tra risate, neve che scendeva piano e la promessa di un nuovo inizio, ho capito che certi momenti valgono più di mille parole. Era il Capodanno perfetto, in un luogo da sogno.
"
AI_sample_42(1),AI,"Passeggiare tra le strade di questa città è stato come fare un salto nel tempo. Ogni angolo raccontava una storia, dai monumenti imponenti alle piccole botteghe nascoste tra i vicoli.

Abbiamo visitato il museo più famoso, ammirando opere d’arte straordinarie. La piazza principale era animata da artisti di strada e locali accoglienti, dove abbiamo gustato specialità tipiche.

Salendo su una torre panoramica, abbiamo ammirato il tramonto sulla città, un’immagine che rimarrà per sempre nei nostri ricordi. Un viaggio che ci ha arricchito, lasciandoci il desiderio di tornare.
"
AI_sample_42(2),AI,"Arrivando in città, siamo rimasti subito colpiti dall’atmosfera vivace. I mercati brulicavano di persone, le strade erano piene di colori e profumi invitanti.

Abbiamo iniziato la visita con un tour del centro storico, ammirando le facciate decorate degli edifici e ascoltando storie affascinanti sulle sue origini. Ogni angolo riservava una sorpresa: una fontana nascosta, una piazza animata, un caffè storico.

La sera, la città si è illuminata di luci dorate, creando un’atmosfera magica. Concludere la giornata con una cena tradizionale è stato il tocco perfetto per un’esperienza indimenticabile.
"
AI_sample_42(3),AI,"Visitare questa città è stato un viaggio tra passato e presente. I monumenti storici si mescolavano con edifici moderni, creando un contrasto affascinante.

Abbiamo esplorato strade acciottolate piene di vita, soffermandoci davanti a negozi artigianali e librerie antiche. Il pranzo è stato un’esperienza culinaria autentica, con piatti tipici del luogo.

Nel pomeriggio, abbiamo visitato un giardino panoramico da cui si godeva una vista mozzafiato. La sera, la città si è trasformata in un mosaico di luci e suoni, chiudendo perfettamente una giornata memorabile.
"
AI_sample_43(1),AI,"Esplorare una nazione straniera con gli amici è stata un’avventura unica. Ogni giorno era una scoperta: città nuove, paesaggi spettacolari e culture affascinanti.

Abbiamo passeggiato tra strade sconosciute, assaporato piatti tipici e conosciuto persone del posto. Ogni monumento visitato raccontava una storia diversa, lasciandoci senza fiato.

Le serate erano momenti di pura gioia, tra musica locale e risate interminabili. Abbiamo collezionato ricordi preziosi, immortalando ogni istante con foto e racconti. Questo viaggio ha rafforzato la nostra amicizia e ci ha lasciato il desiderio di partire di nuovo insieme.

"
AI_sample_43(2),AI,"Visitare un paese straniero con gli amici è stata un’esperienza indimenticabile. Ogni città aveva la sua identità unica, tra architetture sorprendenti e tradizioni affascinanti.

Abbiamo esplorato mercati locali, degustato piatti tipici e partecipato a eventi culturali. Le persone del posto ci hanno accolto con calore, facendoci sentire parte della loro comunità.

Le nostre giornate erano intense, piene di avventure e imprevisti che rendevano il viaggio ancora più speciale. Ogni sera, condividevamo emozioni e risate, consapevoli che quei momenti sarebbero rimasti impressi nei nostri cuori per sempre.

"
AI_sample_43(3),AI,"L’esplorazione di una nazione straniera con gli amici è stata una delle esperienze più belle della mia vita. Ogni città visitata ci ha regalato emozioni uniche.

Abbiamo camminato per chilometri, incuriositi da ogni angolo nascosto, assaggiato cibi nuovi e imparato parole nella lingua locale. Abbiamo scoperto tradizioni affascinanti e ammirato paesaggi mozzafiato.

Ogni sera era un momento di condivisione, tra racconti e sogni di futuri viaggi. Ridendo e scoprendo insieme, abbiamo creato ricordi indimenticabili. Questo viaggio ci ha uniti ancora di più, rendendoci amici per sempre.
"
AI_sample_44(1),AI,"La visita in questa città marina con la famiglia e amici di famiglia è stata un’esperienza meravigliosa. Ogni giorno iniziava con una passeggiata sul lungomare, con il profumo di salsedine nell’aria.

Abbiamo esplorato il centro storico, pieno di viuzze affascinanti e ristorantini accoglienti. Il pranzo era sempre un’occasione speciale, tra piatti di pesce fresco e chiacchiere spensierate.

Le giornate si concludevano con tramonti spettacolari sulla spiaggia, mentre i bambini giocavano sulla sabbia. È stata una vacanza perfetta, ricca di momenti di condivisione e pura felicità.
"
AI_sample_44(2),AI,"Visitare una città marina con la famiglia e gli amici di famiglia è stato un viaggio di emozioni e relax. Il mare era il nostro punto di riferimento, con il suono delle onde che accompagnava ogni giornata.

Abbiamo visitato porticcioli pittoreschi, passeggiato lungo il molo e scoperto angoli nascosti della città. Il cibo è stato un’esperienza indimenticabile: frutti di mare freschissimi e piatti tipici della tradizione locale.

Tra bagni rinfrescanti, giochi in spiaggia e serate sotto le stelle, questa vacanza ha rafforzato i legami e creato ricordi indimenticabili che porteremo sempre nel cuore.
"
AI_sample_44(3),AI,"Trascorrere le vacanze in una città di mare con famiglia e amici di famiglia è stato un sogno. Il mare limpido, le spiagge dorate e il cielo azzurro creavano uno scenario perfetto.

Ogni mattina iniziava con una passeggiata sul lungomare, seguita da un tuffo rinfrescante nelle acque cristalline. Dopo pranzo, esploravamo il centro storico, tra negozietti tipici e gelaterie artigianali.

La sera, tutti insieme, cenavamo con vista sul mare, gustando specialità locali. Questo viaggio ha rafforzato il senso di famiglia e amicizia, lasciandoci ricordi preziosi di giornate felici.
"
AI_sample_45(1),AI,"Viaggiare in una grande città è un’esperienza che stimola i sensi e arricchisce la mente. Le strade pullulano di persone provenienti da ogni angolo del mondo, ognuna con la propria storia. L’architettura racconta secoli di trasformazioni, dai palazzi storici ai grattacieli scintillanti. Ogni angolo offre una sorpresa: mercati vivaci, musei pieni di capolavori, caffè nascosti in vicoli suggestivi. La giornata è scandita dal ritmo della metropolitana, dal brusio incessante delle piazze, dalle luci che si accendono al tramonto. La notte rivela un altro volto della città, fatto di teatri, concerti e ristoranti che servono piatti da ogni cultura. In una grande città, il tempo scorre veloce e ogni momento è un’opportunità per scoprire qualcosa di nuovo. È un viaggio che lascia ricordi indelebili e il desiderio di tornare."
AI_sample_45(2),AI,"Visitare una grande città è come sfogliare un libro pieno di storie. Camminare tra viali alberati e vicoli stretti significa incontrare tracce di epoche diverse: una chiesa medievale accanto a un grattacielo, una bottega artigianale tra negozi di lusso. I suoni si mescolano: il vociare dei passanti, le melodie dei musicisti di strada, il traffico che scorre senza sosta. Le giornate sono un susseguirsi di emozioni: la meraviglia di fronte a un capolavoro artistico, l’entusiasmo per un piatto tipico, il brivido di perdersi e ritrovarsi. Ogni angolo può rivelare un segreto: un cortile nascosto, un murale colorato, un caffè dall’atmosfera unica. Viaggiare in una metropoli significa lasciarsi sorprendere, aprire la mente e immergersi in un ritmo di vita che non si ferma mai."
AI_sample_45(3),AI,"Nessun luogo è mai statico in una grande città: tutto si muove, tutto cambia. Passeggiare tra le strade trafficate, osservare la gente affrettarsi, salire su un tram che attraversa quartieri diversi è un’esperienza elettrizzante. Ci si perde nella moltitudine, ma al tempo stesso ci si sente parte di qualcosa di più grande. Le metropoli hanno un’anima fatta di storia e innovazione: monumenti iconici convivono con installazioni moderne, tradizioni antiche si fondono con tendenze avanguardistiche. Ogni momento è un’opportunità di scoperta: un museo da esplorare, un mercato da assaporare, un panorama mozzafiato da ammirare. La notte illumina la città con mille luci e offre nuove possibilità, tra spettacoli teatrali, locali vivaci e passeggiate lungo i fiumi. Viaggiare in una grande città significa immergersi in un’avventura continua."
AI_sample_46(1),AI,"La mia prima presentazione davanti a un pubblico numeroso è stata un’esperienza indimenticabile. Il cuore batteva forte mentre mi avvicinavo al podio, il microfono davanti a me sembrava amplificare non solo la mia voce, ma anche l’emozione che provavo.

Avevo preparato il discorso nei minimi dettagli, ripetendolo più volte davanti allo specchio. Eppure, una volta davanti a quella platea di volti attenti, tutto sembrava diverso. Respirai profondamente e iniziai a parlare.

I primi minuti furono i più difficili: sentivo la tensione, temevo di dimenticare le parole. Ma poi, man mano che procedevo, la sicurezza aumentò. Mi aggrappai ai concetti che conoscevo bene, mantenendo il contatto visivo con il pubblico.

Le espressioni interessate, qualche sorriso d’incoraggiamento, il silenzio concentrato della sala: tutto mi dava la spinta per continuare. Le mani smettevano di tremare, la voce divenne più ferma, il discorso fluiva con naturalezza.

Quando terminai e arrivarono gli applausi, provai un senso di soddisfazione immenso. Avevo superato la mia paura, dimostrato a me stesso di poter gestire la pressione.

Quell’esperienza mi ha insegnato che la sicurezza si costruisce affrontando le proprie paure e che ogni parola pronunciata con passione può lasciare un segno nel pubblico.
"
AI_sample_46(2),AI,"La mia prima presentazione fu un banco di prova. Avevo sempre evitato di parlare in pubblico, ma questa volta non potevo tirarmi indietro. Dopo settimane di preparazione, mi trovavo di fronte a un’aula piena di persone, con il cuore che batteva forte e le mani leggermente sudate.

Respirai profondamente e iniziai. Le prime parole uscirono incerte, poi, con il passare dei minuti, acquisii più sicurezza. Guardai il pubblico, cercando espressioni di interesse che mi dessero conforto. Notai qualche cenno di approvazione e questo mi incoraggiò a continuare.

Man mano che procedevo, la mia voce diventava più stabile, il mio discorso più fluido. Ogni concetto si collegava naturalmente al successivo, come lo avevo provato mille volte.

Quando terminai, la sala rimase in silenzio per un attimo, poi partì un applauso. Sentii un’ondata di sollievo misto a orgoglio. Avevo affrontato la mia paura, superato il timore di sbagliare.

Quella presentazione non fu solo un’esperienza accademica o lavorativa, ma un insegnamento di vita. Mi rese più sicuro, dimostrandomi che l’incertezza iniziale è solo un ostacolo da superare. Da quel giorno, parlare in pubblico non fu più un incubo, ma una sfida che potevo affrontare.
"
AI_sample_46(3),AI,"Quando mi proposero di tenere una presentazione a un convegno, accettai con entusiasmo, ma presto l’ansia prese il sopravvento. Era la mia prima occasione per parlare davanti a professionisti del settore, e la pressione era altissima.

Preparai ogni dettaglio con cura, studiando i contenuti e provando il discorso più volte. Ma il giorno della presentazione, l’adrenalina prese il sopravvento. Sentii il battito accelerato, le mani leggermente tremanti mentre salivo sul palco.

Iniziai a parlare, cercando di mantenere il contatto visivo con il pubblico. Dopo i primi minuti, la tensione diminuì. Vedevo persone annuire, prendere appunti, segno che stavano seguendo con interesse.

Quando terminai, ci fu un breve silenzio, poi gli applausi. Qualcuno mi fece domande, segno che la mia esposizione aveva suscitato curiosità. Quel momento segnò un cambiamento: non ero più solo un osservatore, ma un partecipante attivo in un mondo professionale.

Uscendo dalla sala, mi sentii più sicuro di me stesso. Avevo superato la paura e guadagnato fiducia. Da quel giorno, affrontare il pubblico non mi sembrò più così spaventoso, ma un’opportunità per crescere.
"
AI_sample_47(1),AI,"L’arrivo del nostro nuovo cucciolo è stato un momento emozionante. Lo aspettavamo da giorni, e quando finalmente lo vedemmo per la prima volta, fu amore a prima vista.

Era piccolo, con il pelo soffice e gli occhi curiosi che esploravano il nuovo ambiente. Appena lo poggiammo sul pavimento, iniziò a gironzolare per la casa, annusando ogni angolo.

I primi istanti furono un misto di gioia e divertimento. Saltellava tra le nostre gambe, si accucciava vicino a noi cercando calore e affetto. Ogni sua espressione trasmetteva dolcezza.

Quando si addormentò sulla sua coperta, ci guardammo e capimmo che la nostra famiglia si era appena allargata. Da quel momento, ogni giorno sarebbe stato pieno di amore e compagnia.
"
AI_sample_47(2),AI,"Quando il nostro cucciolo arrivò a casa, tutto cambiò in un istante. Lo aspettavamo con impazienza e, quando lo vedemmo per la prima volta, fu impossibile non innamorarsene.

Era piccolo, con le zampette ancora incerte, e guardava il nuovo ambiente con curiosità. Lo lasciammo esplorare, mentre noi lo osservavamo con tenerezza. Ogni angolo della casa sembrava una nuova avventura per lui.

Dopo qualche ora di gioco, si accucciò vicino a noi, cercando calore. Quella sera, mentre dormiva pacifico nella sua cuccia, capimmo che era già parte della famiglia.

Il suo arrivo ha portato gioia, affetto e momenti di pura felicità. Da quel giorno, la casa non sarebbe più stata la stessa senza di lui.
"
AI_sample_47(3),AI,"Non dimenticherò mai il giorno in cui il nostro cucciolo arrivò. Lo avevamo immaginato a lungo, ma vederlo per la prima volta fu un’emozione indescrivibile.

Era vivace e curioso, con occhietti brillanti e zampe che sembravano troppo grandi per il suo corpo. Appena lo mettemmo a terra, iniziò a correre ovunque, scoprendo ogni angolo della casa.

Dopo qualche ora di giochi e carezze, si fermò, ci guardò e si rannicchiò vicino a noi. Quel gesto ci fece capire che aveva già trovato il suo posto.

Da quel giorno, la nostra routine cambiò. Ogni giornata si riempì di scoperte, disastri divertenti e tanto amore. Il nostro cucciolo era finalmente a casa.
"
AI_sample_48(1),AI,"Non avrei mai pensato di dover trascorrere giorni in ospedale, ma quella volta fu inevitabile. Un dolore improvviso mi costrinse a recarmi al pronto soccorso, dove dopo vari esami mi comunicarono che avrei dovuto essere ricoverato.

L’idea mi spaventava. Non ero mai stato in un letto d’ospedale prima d’ora. L’odore di disinfettante, il rumore dei carrelli e il via vai del personale medico rendevano tutto più surreale.

I primi momenti furono difficili, ma il personale sanitario fu gentile e rassicurante. Con il passare delle ore, iniziai ad adattarmi alla nuova routine: visite mediche, esami, attese interminabili.

Ciò che mi colpì di più fu l’umanità delle persone intorno a me. I medici facevano il possibile per confortarmi, gli infermieri condividevano parole gentili, persino i compagni di stanza si rivelarono una compagnia preziosa.

Quando finalmente venne il giorno delle dimissioni, provai sollievo, ma anche gratitudine. Quell’esperienza mi aveva insegnato quanto fosse importante la salute e quanto la gentilezza possa fare la differenza in momenti difficili.
"
AI_sample_48(2),AI,"Non avevo mai passato una notte in ospedale prima di quel giorno. Tutto accadde all’improvviso: un forte malessere, la corsa al pronto soccorso, le visite mediche che confermarono la necessità del ricovero.

Il letto d’ospedale era freddo, l’ambiente sterile e impersonale. Sentivo i suoni del reparto: voci basse dei medici, il bip continuo delle macchine, il rumore dei passi nel corridoio.

Il primo giorno fu il più difficile. Non ero abituato all’idea di essere fermo, di dipendere dalle cure degli altri. L’infermiere cercò di tranquillizzarmi con un sorriso gentile, mentre i medici mi spiegavano i trattamenti previsti.

Con il passare delle ore, iniziavo ad abituarmi. I compagni di stanza condividevano le loro storie, rendendo l’ambiente meno estraneo.

Quando ricevetti la visita dei miei cari, il tempo sembrò scorrere più velocemente. Quelle piccole attenzioni mi fecero sentire meno solo.

Alla fine, compresi quanto sia importante la salute e l’umanità di chi si prende cura di noi. Il ricovero mi insegnò la pazienza e la gratitudine, lasciandomi un ricordo che, nonostante tutto, porterò con me.
"
AI_sample_48(3),AI,"Non avrei mai immaginato di dover affrontare un ricovero in ospedale, ma quel giorno arrivò inaspettato. Un dolore improvviso, la corsa in ambulanza e, prima che potessi rendermene conto, ero sdraiato su un letto d’ospedale.

L’ambiente mi sembrava estraneo, freddo, fatto di suoni metallici e luci bianche. Mi sentivo vulnerabile, lontano dalla mia routine.

Il primo giorno fu il più duro: esami continui, flebo, medici che parlavano con termini che cercavo di decifrare. Ma col passare del tempo, iniziai a vedere l’umanità dietro quei camici bianchi.

Gli infermieri erano gentili, cercavano di farmi sentire a mio agio. I compagni di stanza, inizialmente estranei, divennero compagni di avventura.

Alla fine del ricovero, provai sollievo nel tornare a casa, ma anche una profonda gratitudine per chi mi aveva assistito. Quella prova mi aveva reso più forte, insegnandomi a non dare mai nulla per scontato.
"
AI_sample_49(1),AI,"La gita allo zoo è stata un’esperienza affascinante. Appena entrati, ci siamo trovati circondati da suoni e colori: il ruggito dei leoni in lontananza, il cinguettio degli uccelli tropicali, il profumo dell’erba bagnata.

Abbiamo iniziato il percorso con la zona dei felini, dove una maestosa tigre camminava lentamente nel suo spazio. Poco dopo, siamo rimasti incantati davanti agli elefanti, enormi e tranquilli, che muovevano le proboscidi con eleganza.

La parte più emozionante è stata la sezione interattiva, dove abbiamo potuto accarezzare alcune specie di rettili. Vedere gli occhi curiosi dei bambini intorno a noi rendeva tutto più speciale.

Alla fine della giornata, eravamo stanchi ma felici. La gita allo zoo ci ha fatto riscoprire la bellezza della natura e il fascino degli animali.
"
AI_sample_49(2),AI,"Visitare lo zoo è stato come fare un viaggio attraverso i continenti. Ogni zona ci trasportava in un habitat diverso: dalla savana africana alla giungla amazzonica.

Uno dei momenti più emozionanti è stato l’incontro con le giraffe. Osservarle così da vicino, con i loro movimenti lenti e aggraziati, è stato incredibile. Poco dopo, abbiamo assistito al pasto dei pinguini: piccoli, buffi e incredibilmente organizzati.

Abbiamo poi visitato la voliera, dove gli uccelli tropicali volavano liberi sopra le nostre teste. Il loro piumaggio brillante creava giochi di luce spettacolari.

Prima di andare via, ci siamo fermati davanti agli orsi, che si rilassavano all’ombra. Il tempo era volato, ma ogni momento passato tra gli animali ci ha lasciato un ricordo prezioso.
"
AI_sample_49(3),AI,"La gita allo zoo è stata un’esperienza indimenticabile. Fin dall’ingresso, eravamo entusiasti di esplorare i vari recinti e scoprire animali incredibili.

Abbiamo iniziato dal rettilario, dove abbiamo osservato serpenti colorati e lucertole mimetizzate tra le rocce. Successivamente, ci siamo fermati davanti ai leoni, impressionati dalla loro imponenza e dalla maestosità del loro ruggito.

Il momento più divertente è stato nell’area delle scimmie. Saltavano da un ramo all’altro, giocando tra loro e interagendo con i visitatori. Alcune sembravano addirittura divertirsi a imitarci!

Dopo un pranzo all’ombra di un grande albero, abbiamo concluso la visita con l’acquario. Pesci di ogni colore nuotavano silenziosi, mentre le razze scivolavano eleganti sul fondo.

Alla fine, ci siamo resi conto di quanto sia importante proteggere questi animali e i loro habitat.
"
AI_sample_50(1),AI,"Entrare in aula come assistente del professore è stato emozionante. Ero abituato a sedermi tra gli studenti, a prendere appunti e a osservare le lezioni dall’altra parte, ma questa volta era diverso.

L’aula era già piena quando arrivai. Sentivo gli sguardi curiosi degli studenti, che probabilmente si chiedevano chi fossi. Il professore mi presentò con un sorriso, spiegando il mio ruolo e le mie responsabilità nel corso.

Iniziai con un’introduzione chiara e semplice, cercando di non far trasparire l’agitazione. Mentre parlavo, le parole iniziarono a fluire con naturalezza. Mi sentii più sicuro quando vidi che gli studenti prendevano appunti e seguivano con interesse.

La parte più stimolante fu il momento delle domande. Alcuni studenti erano timidi, altri più intraprendenti, ma tutti volevano approfondire gli argomenti trattati. Rispondere con sicurezza fu una sfida, ma anche una grande soddisfazione.

Alla fine della lezione, il professore mi fece un cenno di approvazione. Uscendo dall’aula, sentii una grande gratitudine per quell’opportunità. Sapevo che ogni lezione sarebbe stata una nuova occasione per crescere, imparare e migliorare.
"
AI_sample_50(2),AI,"Il giorno della mia prima lezione come assistente universitario era finalmente arrivato. Nonostante la preparazione, sentivo l’adrenalina scorrere nelle vene.

L’aula era grande, piena di studenti pronti a seguire il corso. Il professore mi presentò e mi invitò a introdurre la lezione. Sentii gli occhi di tutti puntati su di me, ma mi concentrai sulle parole.

Dopo i primi minuti di esitazione, entrai nel ritmo. Parlare davanti a così tante persone era una sfida, ma sapevo di aver studiato bene l’argomento. Guardai gli studenti, cercando di coinvolgerli, e notai che alcuni annuivano interessati.

Alla fine della mia esposizione, arrivò il momento delle domande. Era l’aspetto che temevo di più, ma rispondere in modo chiaro e diretto mi fece guadagnare fiducia.

Quando la lezione terminò, il professore mi fece i complimenti. Uscendo dall’aula, mi resi conto che quella era la strada che volevo percorrere.
"
AI_sample_50(3),AI,"Non dimenticherò mai la mia prima lezione come assistente universitario. Ero emozionato, ma anche consapevole della responsabilità che mi attendeva.

Il professore mi accolse con un sorriso e mi presentò agli studenti. Prendere la parola per la prima volta fu difficile, ma sapevo di dover trasmettere sicurezza.

Iniziai esponendo i concetti chiave della lezione. Cercai di mantenere un tono chiaro e coinvolgente, facendo esempi per rendere gli argomenti più accessibili. Gli studenti sembravano attenti e questo mi diede fiducia.

Dopo la spiegazione, arrivò il momento delle domande. Risposi con calma, cercando di approfondire gli argomenti senza divagare. Quando vidi che alcuni studenti prendevano appunti sulle mie risposte, capii che stavo facendo un buon lavoro.

Alla fine della lezione, il professore mi fece i complimenti e alcuni studenti si avvicinarono per chiedere chiarimenti.

Uscendo dall’aula, provai una sensazione di soddisfazione profonda. Quella prima lezione era solo l’inizio di un percorso entusiasmante.
"
AI_sample_51(1),AI,"Passeggiare per le strade di questa città è stato un tuffo tra passato e presente. I vicoli storici si intrecciavano con viali moderni, creando un equilibrio perfetto tra tradizione e innovazione.

Abbiamo visitato un antico castello, camminato tra mercati vivaci e gustato piatti tipici in un ristorante accogliente. Ogni angolo nascondeva una sorpresa, una storia da raccontare.

La giornata si è conclusa con un tramonto spettacolare visto da una terrazza panoramica. Un’esperienza che ha reso questo viaggio indimenticabile.
"
AI_sample_51(2),AI,"Arrivati in città, siamo rimasti colpiti dalla sua energia vibrante. Le piazze erano piene di vita, i caffè affollati da persone immerse in conversazioni animate.

Abbiamo visitato un museo famoso, camminato lungo strade storiche e scoperto angoli nascosti pieni di fascino. Ogni edificio raccontava un pezzo di storia, mentre il profumo del cibo locale ci guidava verso nuove esperienze culinarie.

La sera, le luci della città hanno creato un’atmosfera magica. Ogni istante ha reso la visita un ricordo prezioso.
"
AI_sample_51(3),AI,"La visita a questa città è stata un’esperienza ricca di emozioni. Le strade strette e acciottolate ci hanno condotto a piazze animate, piene di artisti di strada e mercatini colorati.

Abbiamo esplorato chiese imponenti, ammirato opere d’arte straordinarie e assaporato piatti tipici in locali accoglienti. Ogni dettaglio, dai balconi fioriti ai monumenti imponenti, ci ha fatto sentire parte della sua storia.

La giornata si è conclusa con una vista mozzafiato dalla collina più alta. Un viaggio che ha lasciato il segno.
"
AI_sample_52(1),AI,"Il viaggio in questa terra esotica è stato un’esplosione di colori e profumi. Mercati pieni di spezie, tramonti dorati e spiagge incantevoli hanno reso ogni momento speciale.

Abbiamo esplorato templi antichi, camminato nella giungla e incontrato persone accoglienti, pronte a condividere la loro cultura.

Ogni pasto era un’esperienza di sapori nuovi e intensi. Il ritmo lento della vita ci ha fatto riscoprire la bellezza della semplicità e dell’avventura.
"
AI_sample_52(2),AI,"Lontano dalla quotidianità, ci siamo immersi in un mondo esotico, fatto di paesaggi spettacolari e tradizioni affascinanti.

Le acque cristalline e le spiagge bianche sembravano uscite da un sogno. Il tempo scorreva lento tra escursioni nella natura, mercati colorati e incontri con la gente del posto.

Ogni giorno era una scoperta, tra piatti dal sapore unico e tramonti mozzafiato. Questo viaggio ci ha regalato ricordi indimenticabili e una nuova prospettiva sul mondo.
"
AI_sample_52(3),AI,"In questo viaggio esotico, ogni giorno era un’avventura. Abbiamo esplorato foreste lussureggianti, navigato su fiumi tranquilli e visitato antichi villaggi ricchi di storia.

I suoni della natura e i canti tradizionali riempivano l’aria, creando un’atmosfera unica. Abbiamo assaporato piatti tipici preparati con ingredienti locali, lasciandoci conquistare da gusti sorprendenti.

Ogni paesaggio, dal mare turchese alle montagne imponenti, ci ha fatto sentire parte di un mondo straordinario, da vivere e ricordare per sempre.
"
AI_sample_53(1),AI,"La fiera del fumetto è stata un’esperienza incredibile. Appena entrati, ci siamo trovati circondati da stand pieni di manga, action figures e gadget di ogni tipo.

Abbiamo incontrato artisti che disegnavano dal vivo, acquistato edizioni rare e assistito a conferenze con autori famosi. I cosplayer riempivano ogni angolo con costumi spettacolari.

Alla fine della giornata, siamo tornati con borse piene e cuori entusiasti. Una fiera che ci ha regalato ricordi indimenticabili!
"
AI_sample_53(2),AI,"Visitare la fiera del fumetto in un’altra città è stato emozionante. L’atmosfera vibrava di entusiasmo, con stand ricchi di fumetti, illustrazioni e creazioni originali.

Abbiamo esplorato ogni angolo, scoprendo artisti emergenti e partecipando a sessioni di disegno. Il momento più emozionante? L’incontro con uno dei nostri autori preferiti.

Tra cosplay straordinari e panel coinvolgenti, la giornata è volata. Tornando a casa, eravamo pieni di ispirazione e nuove storie da leggere.
"
AI_sample_53(3),AI,"La fiera del fumetto ci ha trasportati in un mondo fantastico. Fin dal primo passo all’interno del padiglione, siamo stati avvolti da colori, suoni e dettagli straordinari.

Abbiamo assistito a gare di cosplay, scambiato fumetti con altri appassionati e provato giochi ispirati ai nostri personaggi preferiti. Ogni stand era un’opportunità di scoperta.

L’evento è stato un perfetto connubio tra passione, creatività e incontri speciali. Una giornata che non dimenticheremo mai!
"
AI_sample_54(1),AI,"Camminare tra le rovine di un antico parco archeologico è stato emozionante. Le colonne spezzate, i mosaici nascosti e i resti di templi raccontavano storie millenarie.

Ogni pietra sembrava sussurrare il passato, mentre la guida ci narrava aneddoti affascinanti. Un’esperienza che ci ha fatto sentire parte della storia.
"
AI_sample_54(2),AI,"Visitare un parco archeologico è stato un viaggio nel tempo. Camminare tra le strade lastricate di un’antica città, immaginare la vita di un tempo, è stato incredibile.

Abbiamo ammirato anfiteatri, terme e affreschi ben conservati, scoprendo dettagli affascinanti. Ogni angolo custodiva un segreto, rendendo la visita un’esperienza unica."
AI_sample_54(3),AI,"Il parco archeologico ci ha regalato un’immersione nella storia. Passeggiando tra antichi templi e rovine, abbiamo immaginato il passato prendere vita davanti ai nostri occhi.

Le statue, i resti delle abitazioni e le incisioni ci hanno lasciato senza parole. È stato un viaggio culturale che ci ha arricchito, regalandoci una nuova prospettiva sul tempo."
AI_sample_55(1),AI,"Quel giorno non avrei mai immaginato di fare una nuova conoscenza che avrebbe lasciato un segno nella mia vita. Mi trovavo in una caffetteria affollata, immerso nei miei pensieri, quando qualcuno si sedette al mio tavolo per errore.

Alzai lo sguardo e vidi una persona con un sorriso imbarazzato. “Scusa, pensavo fosse libero,” disse. Invece di chiedergli di spostarsi, decisi di scambiare qualche parola. In pochi minuti, il dialogo divenne naturale, come se ci conoscessimo da sempre.

Parlammo di libri, viaggi e passioni comuni. Le differenze tra noi erano tante, ma la conversazione fluiva senza sforzo. Scoprire nuove prospettive attraverso gli occhi di qualcuno appena incontrato fu incredibile.

Alla fine, ci salutammo con la promessa di rivederci. Quel breve incontro mi insegnò che a volte le conoscenze più significative arrivano nei momenti più inaspettati, regalandoci esperienze e punti di vista che arricchiscono la nostra vita.
"
AI_sample_55(2),AI,"Era il primo giorno di un corso e mi sentivo spaesato. La classe era piena di sconosciuti, ognuno con il proprio gruppo, mentre io cercavo un posto libero.

Mi sedetti accanto a qualcuno che sembrava nella mia stessa situazione. Dopo qualche minuto di silenzio, fece il primo passo: “Anche tu non conosci nessuno?” Ridendo, risposi di sì.

Da lì iniziò una conversazione spontanea, fatta di battute, esperienze di studio e aspettative per il corso. Il tempo passò in un attimo, e alla fine della lezione ci trovammo a pranzare insieme.

Nei giorni successivi, continuai a scoprire quanto avessimo in comune. Condividere dubbi, successi e difficoltà rese la nostra conoscenza un’amicizia solida.

Quell’incontro mi insegnò che, anche nei momenti di incertezza, una nuova conoscenza può trasformarsi in qualcosa di prezioso, rendendo ogni esperienza più ricca e meno solitaria.
"
AI_sample_55(3),AI,"Passeggiavo in un museo, affascinato da un dipinto che sembrava raccontare mille storie. Accanto a me, un visitatore osservava con la stessa intensità.

Dopo qualche minuto, fece un’osservazione sulla luce del quadro. Preso dalla curiosità, iniziammo a discutere delle tecniche dell’artista, scoprendo di condividere la passione per l’arte.

Da una semplice osservazione nacque una conversazione profonda su viaggi, culture e ispirazioni. Era incredibile come due sconosciuti potessero intendersi così facilmente attraverso un interesse comune.

Uscendo dal museo, ci scambiammo i contatti. La nostra conoscenza continuò nei giorni successivi, tra discussioni e visite a nuove mostre.

Quel giorno capii che le persone interessanti si trovano nei luoghi più inaspettati, e basta un piccolo gesto per dare inizio a un legame che può arricchirci enormemente.
"
AI_sample_56(1),AI,"Lasciare la mia città per trasferirmi in un’università lontana è stata una delle esperienze più emozionanti della mia vita. Preparare le valigie, salutare amici e famiglia, affrontare un viaggio verso l’ignoto: tutto sembrava irreale.

Quando arrivai nella nuova città, fui colpito dal suo ritmo frenetico. Le strade erano diverse, i volti sconosciuti, e la sensazione di spaesamento era forte. Raggiunsi la mia nuova casa, un piccolo appartamento condiviso con altri studenti.

I primi giorni furono un susseguirsi di scoperte: orientarmi nel quartiere, trovare il supermercato più vicino, capire come funzionassero i trasporti. Ogni piccola conquista mi faceva sentire più sicuro.

Il primo giorno di lezione fu intenso. L’università era enorme, i corsi affascinanti, e la paura di non conoscere nessuno si dissolse quando iniziai a parlare con altri studenti nella mia stessa situazione.

Le settimane successive furono un alternarsi di entusiasmo e nostalgia. Sentivo la mancanza di casa, ma allo stesso tempo amavo la libertà di costruire la mia nuova vita.

Con il tempo, la città divenne familiare, i compagni di corso amici e la mia nuova routine un equilibrio perfetto tra studio e nuove esperienze.

Quel trasferimento mi insegnò che l’indipendenza è fatta di sfide, ma anche di opportunità incredibili.
"
AI_sample_56(2),AI,"Il trasferimento in una nuova città per studiare è stato un salto nel buio. Partire con le valigie piene di aspettative, lasciando tutto ciò che conoscevo, mi fece sentire euforico e spaventato allo stesso tempo.

Appena arrivato, la realtà si fece sentire: una città sconosciuta, una stanza ancora spoglia e la necessità di costruire da zero la mia nuova quotidianità.

I primi giorni furono un mix di entusiasmo e smarrimento. Esplorai le strade, cercai posti dove mangiare e mi persi più volte. Ma proprio in questi momenti di incertezza iniziai a sentirmi davvero parte della città.

L’università era enorme, i corsi interessanti, e ben presto trovai compagni con cui condividere questa esperienza.

Le prime settimane furono piene di nuove abitudini: cucinare da solo, gestire le spese, organizzare lo studio senza il supporto familiare.

Col tempo, la nostalgia lasciò spazio alla soddisfazione di ogni piccola conquista.

Vivere lontano da casa mi ha reso più indipendente, più sicuro di me stesso e più aperto al cambiamento. Oggi, ripensando ai primi giorni, sorrido sapendo che è stato l’inizio di una grande avventura.
"
AI_sample_56(3),AI,"Il giorno del trasferimento fu un turbine di emozioni. Lasciai la mia casa con il cuore pieno di aspettative e timori. La nuova città mi aspettava, pronta a diventare il mio nuovo mondo.

Appena arrivato, fui colpito dalla sua vitalità. Strade affollate, palazzi imponenti, persone ovunque. Ogni angolo sembrava raccontare una storia diversa.

La mia stanza era piccola, ma sapevo che presto l’avrei resa accogliente. I primi giorni furono un’esplorazione continua: capire i mezzi di trasporto, trovare un supermercato, orientarmi nel campus universitario.

Il primo giorno di lezione fu travolgente. L’aula era enorme, il professore parlava con sicurezza, e mi sentii inizialmente perso. Ma quando iniziai a parlare con altri studenti, capii di non essere solo.

Ogni giorno portava una nuova sfida, ma anche una piccola vittoria. Preparare un pasto da solo, gestire le spese, organizzare il tempo tra studio e svago.

Con il passare delle settimane, la città iniziò a sembrarmi casa. Feci amicizie che resero tutto più semplice, trovai i miei posti preferiti e iniziai ad amare questa nuova indipendenza.

Il trasferimento non fu solo un cambiamento di luogo, ma una crescita personale incredibile.
"
AI_sample_57(1),AI,"Trasferirsi in un’altra città per lavoro è stata una delle decisioni più difficili ma anche più stimolanti della mia vita. Lasciare le certezze della mia città natale significava affrontare l’ignoto, costruire nuove abitudini e adattarmi a un ambiente completamente diverso.

I primi giorni furono un susseguirsi di emozioni contrastanti. La nuova città mi affascinava con le sue strade affollate, i locali vivaci e l’energia frenetica, ma la nostalgia per casa era inevitabile. Il lavoro era entusiasmante, ma anche pieno di sfide: nuovi colleghi, nuove dinamiche, una routine da costruire.

Con il passare delle settimane, iniziai a sentirmi parte di questo luogo. Scoprii angoli della città che mi facevano sentire a casa, costruii nuove amicizie e trovai il mio equilibrio tra lavoro e vita personale.

Ora, questa città non è più solo un luogo di lavoro, ma una nuova casa piena di possibilità.
"
AI_sample_57(2),AI,"Il trasferimento per lavoro è stato un’esperienza complessa, fatta di entusiasmo e difficoltà. L’idea di una nuova opportunità professionale mi stimolava, ma lasciare la mia routine consolidata mi metteva alla prova.

Appena arrivato, la città mi sembrò immensa e dispersiva. Ogni cosa era diversa: il traffico, il clima, il modo in cui le persone interagivano. Il primo giorno di lavoro fu intenso: nuovi colleghi, nuove regole, nuove responsabilità.

Con il tempo, iniziai a trovare il mio posto. Scoprii angoli nascosti della città dove rilassarmi, iniziai a frequentare locali accoglienti e creai nuove amicizie. Anche il lavoro divenne meno stressante, man mano che acquisivo sicurezza.

Ora, questa città che inizialmente mi sembrava estranea è diventata un luogo familiare. Il trasferimento non è stato solo un cambiamento professionale, ma una crescita personale che mi ha reso più indipendente e aperto al cambiamento.
"
AI_sample_57(3),AI,"Lasciare la mia città per un’opportunità di lavoro è stato un passo che ho affrontato con emozione e incertezza. Arrivare in un luogo sconosciuto significava ricominciare da capo, adattarmi a nuove abitudini e trovare un equilibrio tra vita personale e professionale.

I primi giorni furono una scoperta continua. Le strade, i negozi, i mezzi pubblici: ogni aspetto del quotidiano era da esplorare. Il lavoro rappresentava una sfida stimolante, ma anche un ambiente da comprendere, con colleghi da conoscere e dinamiche da assimilare.

Dopo le prime settimane, la città iniziò a sembrarmi più familiare. Creai nuove abitudini, trovai posti in cui sentirmi a mio agio e instaurai relazioni che rendevano la mia nuova vita più accogliente.

Oggi, quel trasferimento che sembrava così spaventoso si è rivelato una delle migliori scelte della mia vita.
"
AI_sample_58(1),AI,"La città è un’entità viva, un organismo che respira, cresce e si trasforma continuamente. Le sue strade sono arterie pulsanti di vita, dove persone, suoni e storie si intrecciano senza sosta.

Ogni città ha un’identità unica, fatta di architettura, cultura, ritmi quotidiani. Di giorno, è un teatro frenetico di attività, di notte si trasforma in un mosaico di luci e silenzi.

È un luogo di incontri, di opportunità, di sogni che prendono forma. È anche un ambiente di contrasti, dove modernità e tradizione convivono, e dove ogni angolo racconta una storia diversa.

La città non è solo un insieme di edifici, ma una rete di connessioni umane, di emozioni, di esperienze condivise che la rendono un universo unico, capace di accogliere, sfidare e sorprendere.
"
AI_sample_58(2),AI,"Ogni città è lo specchio della società che la abita. Le sue strade raccontano la storia di chi le percorre, le sue piazze sono luoghi di aggregazione, scambio e cultura.

La città è un mosaico di volti e storie, un luogo di opportunità e contraddizioni. Qui si mescolano lingue, tradizioni e aspirazioni, creando un equilibrio fragile tra ordine e caos.

Ogni edificio, ogni quartiere, ogni mercato è un tassello di un’identità complessa e in continua evoluzione. Il progresso la trasforma, ma le radici del passato rimangono impresse nei suoi vicoli, nei suoi monumenti.

Vivere una città significa immergersi nel suo ritmo, lasciarsi trasportare dalla sua energia e scoprire il suo lato più autentico, fatto di dettagli che sfuggono a chi non si ferma a osservarla.
"
AI_sample_58(3),AI,"La città è un palcoscenico senza sipario, dove ogni giorno si intrecciano storie invisibili agli occhi distratti. È un luogo di incontri, di addii, di possibilità infinite.

Ogni quartiere ha un’anima propria, con i suoi suoni e i suoi odori, con le sue abitudini e i suoi ritmi. Le sue strade custodiscono segreti, raccontano la vita di chi le ha percorse prima di noi.

Chi vive in città impara a muoversi nel suo caos, a trovare angoli di quiete tra il rumore incessante. La città offre tutto e chiede molto in cambio: velocità, adattamento, resilienza.

Eppure, è proprio nel suo dinamismo che risiede la sua magia. Chi riesce a comprenderla sa che la città non è solo un luogo, ma un’esperienza da vivere pienamente.
"
AI_sample_59(1),AI,"Il post-doc è un’esperienza intensa, un equilibrio tra entusiasmo e responsabilità. Nuove ricerche, pubblicazioni da gestire, progetti ambiziosi da portare avanti.

Ogni giorno è una sfida tra esperimenti, analisi e la necessità di trovare il proprio spazio nel mondo accademico.

Lavorare con altri ricercatori, condividere idee, scoprire nuove prospettive rende questa fase della carriera un’opportunità unica di crescita.
"
AI_sample_59(2),AI,"Iniziare un post-doc significa immergersi completamente nella ricerca, affrontare problemi complessi e cercare soluzioni innovative.

È un periodo di crescita, di autonomia, ma anche di incertezza sul futuro.

Ogni giorno porta nuove sfide, ma anche soddisfazioni: un esperimento riuscito, un’idea che prende forma.

Il post-doc è il ponte tra il mondo accademico e quello professionale, un percorso che richiede dedizione e passione.
"
AI_sample_59(3),AI,"Il post-doc è un periodo di grande trasformazione. Si lavora in autonomia, si affinano competenze, si costruiscono nuove collaborazioni.

La ricerca diventa il centro della vita quotidiana, tra conferenze, scrittura di articoli e lavoro in laboratorio.

È un’esperienza che forma, spinge a superare i propri limiti e apre nuove opportunità.

Ogni giorno è una scoperta, un passo avanti verso il futuro accademico o professionale.
"
AI_sample_60(1),AI,"Dopo anni lontano, tornare nella mia città natale è stata un’esperienza carica di emozioni. Appena sceso dal treno, un’ondata di ricordi mi ha travolto. Le strade, i palazzi, persino il profumo dell’aria sembravano richiamare momenti dell’infanzia che credevo dimenticati.

Camminando verso casa, ho notato i cambiamenti: nuovi negozi, strade rinnovate, volti sconosciuti. Eppure, alcuni dettagli erano rimasti immutati. Il panificio all’angolo aveva ancora lo stesso profumo di pane caldo, il vecchio parco conservava la magia dei pomeriggi passati a giocare.

Arrivato davanti alla mia vecchia casa, un misto di nostalgia e calore mi ha avvolto. La mia famiglia mi ha accolto con abbracci e sorrisi, e per un attimo tutto sembrava esattamente come un tempo.

Ritornare nella mia città natale mi ha fatto capire quanto fosse parte di me, anche dopo tanto tempo. Era cambiata, proprio come me, ma le radici erano ancora lì, forti e profonde.
"
AI_sample_60(2),AI,"Tornare nella mia città natale dopo tanto tempo è stato come sfogliare un vecchio album di fotografie. Ogni angolo, ogni via mi riportava indietro nel tempo, a momenti vissuti con leggerezza e spensieratezza.

Passeggiando per il centro, ho rivisto il bar dove prendevo il gelato da bambino, la scuola elementare con il cortile dove giocavo con gli amici. Alcuni luoghi erano cambiati, altri sembravano rimasti congelati nel tempo.

Incontrare persone conosciute è stato strano: volti familiari segnati dagli anni, voci che risvegliavano ricordi lontani. Mi hanno raccontato come la città fosse cambiata, mentre io raccontavo la mia vita altrove.

La sera, seduto in camera mia, ho realizzato quanto fosse stato importante tornare. Rivedere la mia città mi ha fatto capire che, anche se la vita mi aveva portato lontano, le mie radici sarebbero rimaste sempre lì.
"
AI_sample_60(3),AI,"Il ritorno alla mia città natale è stato più emozionante di quanto immaginassi. Avevo lasciato quel posto con l’idea di esplorare il mondo, ma rivederlo dopo tanto tempo mi ha fatto capire quanto fosse parte di me.

Appena arrivato, ho riconosciuto gli odori familiari, i suoni delle strade che percorrevo ogni giorno. Ho camminato senza meta, ritrovando angoli nascosti della mia infanzia.

Il vecchio cinema, chiuso da anni, era ancora lì, con l’insegna sbiadita. Il quartiere dove vivevo sembrava più piccolo, ma ogni dettaglio mi riportava indietro nel tempo.

A casa, la mia famiglia mi ha accolto con affetto, come se non fossi mai andato via. Abbiamo parlato per ore, raccontandoci le vite che avevamo vissuto separati.

Quella sera, guardando il cielo dalla mia vecchia finestra, ho capito che la mia città natale non era solo un luogo, ma un pezzo del mio cuore che sarebbe sempre rimasto lì.
"
AI_sample_61(1),AI,"La reunion familiare era attesa da mesi. Dopo tanto tempo lontani, rivedere tutti era un’emozione indescrivibile.

Appena arrivato, il vociare allegro e gli abbracci calorosi mi hanno fatto sentire subito a casa. La tavola era piena di piatti tradizionali, il profumo evocava ricordi d’infanzia.

Abbiamo riso, raccontato storie, ricordato momenti vissuti insieme. Ogni sguardo era pieno di affetto, ogni parola riscaldava il cuore.

Alla fine della giornata, tra foto scattate e promesse di rivederci presto, ho capito quanto fosse prezioso quel momento. La famiglia, nonostante la distanza, rimane il nostro punto fermo.
"
AI_sample_61(2),AI,"Ritrovarsi dopo tanto tempo ha reso la reunion familiare ancora più speciale. Il salotto era pieno di voci, risate e racconti di vite vissute lontano.

Ogni abbraccio era un pezzo di tempo recuperato, ogni aneddoto un ponte tra passato e presente. I bambini correvano felici, i nonni sorridevano, orgogliosi di vedere la famiglia riunita.

Abbiamo condiviso un pranzo ricco di sapori e tradizioni, lasciandoci avvolgere dall’atmosfera calda e familiare.

Quando è arrivato il momento di salutarsi, ho capito che, indipendentemente dalla distanza, il legame familiare rimane forte. Quei momenti insieme sono il vero tesoro della vita.
"
AI_sample_61(3),AI,"La casa della nonna era piena di voci e sorrisi. La reunion familiare era iniziata, e con essa un vortice di emozioni.

Ci siamo ritrovati intorno a un tavolo imbandito, tra profumi che evocavano infanzia e ricordi. Abbiamo parlato del passato, aggiornato tutti sulle nostre vite, riso di storie che sembravano lontane.

I più piccoli giocavano spensierati, mentre gli adulti si godevano il calore della famiglia.

Alla fine della giornata, con gli abbracci d’addio, ho sentito nel cuore una certezza: la famiglia è quel posto dove, nonostante il tempo e la distanza, si è sempre a casa.
"
AI_sample_62(1),AI,"Dopo un periodo difficile, sentivo il bisogno di staccare, di allontanarmi dalla routine che mi soffocava. Decisi di partire per un viaggio all’estero, senza un programma preciso, solo con il desiderio di ritrovare me stesso.

Atterrare in una città sconosciuta fu liberatorio. Lontano dai luoghi che mi ricordavano momenti difficili, mi sentii improvvisamente leggero. Passeggiando tra strade nuove, assaporando cibi diversi e ascoltando lingue che non conoscevo, iniziai a sentire qualcosa dentro di me cambiare.

Visitai musei, incontrai persone con storie diverse dalla mia, mi persi tra mercati affollati e tramonti indimenticabili. Ogni giornata era un’opportunità per lasciarmi alle spalle il passato e ricostruire il mio presente.

Quel viaggio non cancellò il dolore, ma mi insegnò che il mondo è pieno di bellezza, e che anche dopo i periodi più bui è possibile ritrovare la luce. Tornai a casa con il cuore più leggero, con la consapevolezza che il cambiamento era possibile e che, in qualche modo, avevo ritrovato la mia strada.
"
AI_sample_62(2),AI,"C’era un momento in cui tutto sembrava difficile, un periodo in cui ogni cosa pesava sulle mie spalle. La soluzione? Un biglietto aereo per un luogo lontano, dove poter respirare senza il peso del passato.

All’arrivo, la città mi accolse con il suo caos vibrante. Strade illuminate, persone sorridenti, un’energia che non provavo da tempo. Per la prima volta dopo mesi, sentii la voglia di esplorare, di scoprire angoli nascosti, di lasciarmi sorprendere.

Passeggiai senza meta, osservando la vita scorrere attorno a me. Assaporai piatti sconosciuti, chiacchierai con estranei, mi persi tra monumenti e scorci mozzafiato. Ogni giornata mi regalava una piccola lezione di vita: il mondo continuava a girare, e io potevo ancora farne parte.

Quel viaggio non fu solo una fuga, ma una rinascita. Tornai a casa con un’anima più leggera, con la certezza che la vita può riprendere, anche dopo i periodi più bui.
"
AI_sample_62(3),AI,"Dopo mesi di incertezza e difficoltà, decisi di partire. Non cercavo risposte, solo una pausa, un modo per ritrovare un po’ di pace.

Il primo giorno all’estero fu strano: ero lontano dai problemi di sempre, ma la mente ancora li portava con sé. Poi, qualcosa cambiò. Camminando tra le strade di una città sconosciuta, iniziai a sentire un senso di libertà che non provavo da tempo.

Visitei luoghi affascinanti, parlai con persone nuove, mi lasciai guidare dal caso. Ogni piccola esperienza mi restituiva un pezzo di me stesso: un tramonto in riva al mare, il profumo di spezie in un mercato, la melodia di un musicista di strada.

Non tutto si risolse in un attimo, ma quel viaggio mi insegnò a guardare avanti. Tornai con nuovi occhi, con il desiderio di ricominciare.
"
AI_sample_63(1),AI,"Entrare in quel museo è stato come varcare la soglia di un altro mondo. Le pareti sembravano respirare storia, le luci soffuse esaltavano ogni dettaglio.

La prima sala era dedicata ai grandi maestri: dipinti imponenti, colori vivi, volti che raccontavano storie silenziose. Ogni pennellata sembrava possedere un’anima, un frammento di chi l’aveva creata.

Proseguendo, raggiunsi la sezione delle sculture. Il marmo, modellato con perfezione, sembrava prendere vita. Ogni espressione, ogni gesto congelato nel tempo trasmetteva un’intensità straordinaria.

Il momento più emozionante fu nella galleria degli impressionisti. La luce vibrante sulle tele, le pennellate audaci: ogni quadro era un’esplosione di emozioni. Mi fermai a osservare, cercando di cogliere ogni sfumatura.

Uscendo dal museo, sentii che qualcosa dentro di me era cambiato. La bellezza dell’arte aveva lasciato un segno profondo, un’ispirazione che avrei portato con me per sempre.
"
AI_sample_63(2),AI,"Entrare in quel museo è stato come fare un salto nel tempo. Le sale, illuminate con cura, trasudavano fascino e mistero. Ogni angolo raccontava una storia, ogni opera d’arte custodiva il segreto del suo autore.

La prima esposizione era dedicata all’arte antica. Statue di marmo, colonne imponenti, reperti millenari: tutto parlava di civiltà scomparse ma mai dimenticate. Osservare quei manufatti mi fece sentire piccolo di fronte all’immensità del tempo.

Proseguendo, entrai nella sala dei dipinti rinascimentali. I volti nei quadri sembravano vivi, gli sguardi penetranti, le mani scolpite con una precisione incredibile. Mi persi tra i dettagli delle pennellate, lasciandomi trasportare in un’altra epoca.

Ma il momento più sorprendente fu l’ultima sala: arte contemporanea. Colori vivaci, forme audaci, interpretazioni soggettive. Un contrasto forte con il passato, eppure altrettanto emozionante.

Quando uscii dal museo, mi resi conto di aver vissuto un’esperienza che andava oltre la semplice visita. L’arte non è solo qualcosa da osservare, ma un’emozione che rimane impressa dentro di noi.
"
AI_sample_63(3),AI,"Visitare quel museo è stato un viaggio nell’essenza stessa della bellezza. Fin dal primo passo, le pareti ornate di opere straordinarie mi hanno catturato, trasportandomi in un mondo fatto di emozioni, storie e colori.

La prima sala era un inno all’arte barocca: tele immense, giochi di luce drammatici, figure imponenti che sembravano uscire dalla tela. Ogni opera raccontava una storia con dettagli così vividi da sembrare reali.

Nel settore dedicato alle sculture, rimasi affascinato dalla delicatezza del marmo. Ogni piega delle vesti, ogni espressione congelata nel tempo trasmetteva un’intensità che solo l’arte sa creare.

Ma la vera sorpresa fu la galleria degli impressionisti. Tele inondate di luce, pennellate rapide e vive, paesaggi che sembravano mutare sotto il mio sguardo.

Ogni angolo del museo aveva il potere di emozionarmi, di farmi riflettere. Quando uscii, sentii di aver vissuto qualcosa di unico: un incontro intimo con la bellezza dell’arte, un’esperienza che porterò con me per sempre.

"
AI_sample_64(1),AI,"Non avrei mai pensato di incontrare la persona che avrebbe cambiato la mia vita in un giorno qualsiasi.

Era un pomeriggio come tanti, una caffetteria affollata, il solito aroma di caffè nell’aria. Cercavo un posto libero quando, con un gesto impacciato, urtai una tazza e il caffè finì sul tavolo accanto al mio.

“Perfetto,” mormorai, mentre lui, il ragazzo seduto lì, sorrideva divertito. “Non preoccuparti, capita,” disse con voce calma.

Quella piccola disavventura divenne l’inizio di una conversazione spontanea. Parlammo di viaggi, di passioni comuni, di musica. Ogni parola fluiva senza sforzo, come se ci conoscessimo da sempre.

Passammo ore a ridere, a raccontarci storie. Ci scambiammo i contatti senza esitazione, con la certezza silenziosa che quello non sarebbe stato un incontro qualsiasi.

Da quel giorno, le coincidenze non furono più solo casualità. Ogni momento insieme rafforzava qualcosa di speciale, qualcosa che, senza rendercene conto, sarebbe diventato la nostra storia.
"
AI_sample_64(2),AI,"Non esistono coincidenze, solo incontri che cambiano la nostra vita. Quel giorno, in un pomeriggio piovoso, entrai in una libreria per ripararmi dal freddo e, senza saperlo, per incontrare il mio futuro marito.

Mentre sfogliavo un libro di narrativa, qualcuno accanto a me fece cadere una pila di volumi. Mi girai di scatto e vidi un ragazzo confuso, che si affrettava a raccoglierli. Senza pensarci, mi chinai per aiutarlo.

“Non sono molto bravo con l’equilibrio,” disse con un sorriso imbarazzato. Ridendo, risposi: “Nemmeno io con le scelte, ho cambiato libro tre volte.” Quel piccolo scambio fu l’inizio di una conversazione che sembrava non dover finire.

Parlammo di libri, di viaggi, di sogni. Ogni frase fluiva spontaneamente, come se ci conoscessimo da sempre. Il tempo passò senza che me ne accorgessi.

Alla fine, scambiandoci i numeri, entrambi sapevamo che non sarebbe stato un incontro casuale.

Quella libreria, quel giorno piovoso, quel ragazzo dai modi gentili: tutto sembrava scritto da un autore invisibile. E da quel momento, la nostra storia iniziò a prendere forma, una pagina dopo l’altra.
"
AI_sample_64(3),AI,"Non avrei mai pensato che un semplice viaggio potesse portarmi a incontrare l’uomo della mia vita.

Ero in una città che non conoscevo bene, in vacanza con un’amica. Ci fermammo in un piccolo caffè nel centro storico, un posto accogliente con il profumo di dolci appena sfornati.

Mentre cercavo un posto libero, il cameriere mi indicò un tavolo già occupato da un ragazzo che, con un sorriso gentile, mi invitò a sedermi. Accettai, senza sapere che quel momento avrebbe cambiato tutto.

Iniziammo a parlare per caso: lui, viaggiatore solitario, raccontava delle sue esperienze, io condividevo le mie impressioni sulla città. La conversazione era così naturale che il tempo sembrava essersi fermato.

Dopo ore a parlare di tutto, ci rendemmo conto che il caffè stava chiudendo. Ci scambiammo i contatti, con la promessa di rivederci.

Quel viaggio, che doveva essere solo un breve stacco dalla routine, divenne il punto di partenza della nostra storia.

A volte, l’amore arriva nei modi più inaspettati, tra una tazza di caffè e una conversazione improvvisata. E da quel giorno, capii che i momenti più semplici possono diventare i più straordinari.
"
